"","slide","id","morph","locality","species","tissue_thickness","collagen_layer_nm","iridophores_area_px","iridophores_area_nm2","iridophores_thickness_pix","iridophores_thickness_nm","iridophores_density","melanophores_area_px","melanophores_area_nm2","melanophores_thickness_px","melanophores_thickness_nm","melanophores_density","xanthophores_area_px","xanthophores_area_nm2","xanthophores_thickness_px","xanthophore_thickness_nm","xanthophores_density","xanthtomel","iritomel","xanthtoiri","glands","B1","B2","B3","S1U","S1V","S1B","S1G","S1Y","S1R","S2","S3","S4","S5","S6","S7","S8","S9","S10","H1","H2","H3","H4","H5","total_chrom_area","rel_xanth","rel_melan","rel_irid"
"1","1094","ALM1","red","ALM","pumilio",18.3710372,4.759910117,9894.589864,120.4171586,84.69239934,1.0307065,116.8297266,20865.5,253.933135,407.8471979,4.733175233,53.6496374,108185.5714,1316.618404,147.1384086,1.790674433,735.2639764,13.70491977,2.177642427,6.29346655,7,3610.753766,9.004373482,29.04088966,0.075019166,0.084592537,0.068170876,0.147503499,0.254442581,0.715892267,17.65056592,0.637525271,0.08869148,2457.074885,27.39556623,-0.513854162,3.042473337,0.916903225,0.269841463,668,699,596,0.0767749,593,138945.661264,0.778617845392415,0.150170216257095,0.0712119383504898
"2","1096","ALM3","red","ALM","pumilio",24.41701636,3.78505255,13982.66666,170.1690533,87.37836343,1.063394683,160.0243597,47931,583.32027,583.32027,2.565841667,227.3407114,22527.33019,274.1576084,86.53818685,1.053169734,260.3166418,1.145050705,0.703896626,1.626731344,6,5027.78281,12.53811175,30.40955261,0.154343778,0.174881326,0.142345564,0.194194632,0.240687192,0.515885719,5.483200091,0.297957636,0.02732083,2045.665283,24.86360278,-0.13022602,1.983042047,0.786039275,0.054178354,700,368,592,0.075121336,581,84440.99685,0.266781907253147,0.567627121753952,0.165590970992901
"3","1097","ALM4","red","ALM","pumilio",18.30097772,4.414821653,0,0,54.05482744,0.65784725,0,32958,401.09886,34.63099757,3.697718983,108.4719693,127.5948155,127.5948155,82.64338948,1.00577005,126.8628107,1.169544644,0,NA,9,4711.718429,11.74992127,27.34351559,0.125997129,0.142392933,0.119525797,0.219685193,0.281001798,0.542033308,5.461987332,0.516217068,0.054781139,2189.662367,22.33736784,-0.270329613,1.90106532,0.808396225,0.104142523,660,699,583,0.172062661,581,33085.5948155,0.00385650662203673,0.996143493377963,0
"4","1098","ALM5","red","ALM","pumilio",13.8888373,2.87965323,4859.709205,59.14266102,62.9080115,0.7655905,77.25103828,11284,137.32628,686.7096255,3.204450433,42.85486166,7568.851182,92.11291888,41.07535472,0.499887067,184.2674575,4.299802878,1.802620176,2.385307196,7,4587.920613,11.44119854,32.14560634,0.07289313,0.081812171,0.060311916,0.221000453,0.331651889,0.653137447,15.4384624,0.588309992,0.053950479,2935.621749,30.06342966,-0.57053116,2.627646882,0.91914918,0.141762808,665,699,579,0.191796713,580,23712.560387,0.319191646050567,0.475865946816366,0.204942407133067
"5","1099","ALM6","red","ALM","pumilio",27.22903886,3.280597937,9776,118.97392,59.65253665,0.725971371,163.8823854,32431.66667,394.6933833,1273.050963,1.940438889,203.4041812,54723.5,665.984995,80.9370097,0.985003408,676.1245592,3.324044546,0.805698213,4.125669501,7,6736.36911,16.79892546,38.64910964,0.13908354,0.157967585,0.137206472,0.205926773,0.257395252,0.524809163,4.868146179,0.426064701,0.057279875,2865.631303,30.70992535,-0.191800118,1.828088673,0.779889933,0.104712691,675,699,587,0.132583697,581,96931.16667,0.564560418284296,0.33458450758581,0.100855074129894
"6","1100","ALM7","red","ALM","pumilio",31.39400137,2.92861314,37943,461.76631,112.8637195,1.373551466,336.1842067,19384,235.90328,2509.447915,2.598159778,90.79629436,71573.66667,871.0515234,155.1526068,1.888207225,461.3114026,5.080729405,3.702620344,1.372198317,9,5735.081239,14.30194823,33.49627055,0.183790682,0.201960484,0.127706151,0.172343803,0.224427021,0.522699313,5.559932775,0.382162416,0.177326352,2445.853776,27.47168862,-0.125692105,1.920835412,0.797672341,0.340614737,684,300,594,-0.049319229,593,128900.66667,0.555262191569858,0.150379361882008,0.294358446548134
"7","1101","ALM8","red","ALM","pumilio",33.31288343,4.532505553,22196,270.12532,78.69653887,0.957736878,282.0454409,18762.66667,228.3416533,1909.81376,3.022216667,75.5543624,42196,513.52532,99.70095316,1.2133606,423.2256429,5.601604321,3.733013316,1.500558355,7,5446.821352,13.58309564,26.65989727,0.22207865,0.244415854,0.156396649,0.2057686,0.230256231,0.422421321,3.666174411,0.237819387,0.159829504,1627.587357,19.38803994,0.019133821,1.427365341,0.709660475,0.228135094,700,300,585,-0.072718885,569,83154.66667,0.50743995123515,0.225635763107076,0.266924285657773
"8","1110","BAS.1","red","BAS","pumilio",33.84458078,1.970671873,16115.5,196.125635,85.66666672,1.042563334,188.1186769,47088,573.06096,1951.18545,1.042563334,549.6653693,47571.66667,578.9471834,126.0264857,1.533742331,377.4735636,0.686733392,0.342242185,2.006571436,3,3337.306727,8.322460665,25.55755464,0.094923798,0.106985655,0.092742007,0.163800434,0.238147511,0.654808885,9.647148236,0.45877279,0.023922678,1985.124221,22.90832048,-0.340489166,2.752589817,0.889251948,0.065849321,689,699,601,0.092866284,594,110775.16667,0.429443422204151,0.425077220964835,0.145479356831014
"9","1111","BAS.2","red","BAS","pumilio",28.54464895,NA,27554.66666,335.3402933,152.5555555,1.856601111,180.620539,107385,665.1675767,384.5208109,4.679618269,142.1414181,33356,405.94252,161.5939606,1.9665985,206.4186055,1.452205896,1.270710124,1.142830193,6,3534.013599,8.813001495,25.12889243,0.128143838,0.143076088,0.111817347,0.166431792,0.226734551,0.599838907,7.273742573,0.350305316,0.029820976,1833.20073,21.67415202,-0.220249194,2.459338289,0.856922087,0.073339867,700,368,602,0.05335656,594,168295.66666,0.198198804888943,0.638073469930423,0.163727725180634
"10","1112","BAS.3","red","BAS","pumilio",20.64417178,4.31887743,15322.66666,186.4768533,122.1111111,1.486092222,125.4813467,56189,683.82013,307.784684,3.745739604,182.5594415,35578.66667,432.9923734,122.9458383,1.496250852,289.3848801,1.58515428,0.68734515,2.306198393,5,4580.992636,11.42392179,33.18127813,0.103354992,0.116047675,0.095360075,0.184899215,0.253588817,0.622790044,8.906862674,0.420153943,0.036576882,2577.333317,29.45591721,-0.319748257,2.578441779,0.887278026,0.094311361,691,381,596,0.12008297,582,107090.33333,0.332230422332929,0.524687880341664,0.143081697325407
"11","1113","BAS.4","red","BAS","pumilio",28.34355828,4.46659689,1866,22.70922,215.3333333,2.620606666,8.665634677,14176.66667,172.5300333,542.7540651,6.605316972,26.11987192,22431,272.98527,141.149664,1.717791411,158.916425,6.084119612,0.331764057,18.33869427,5,5307.636285,13.23600071,38.46368772,0.11168089,0.125880951,0.108230329,0.158381606,0.22350862,0.62788542,7.78056538,0.495859968,0.082000875,2921.124395,33.52012824,-0.268220082,2.532496709,0.864848328,0.207666946,680,699,603,0.065154184,594,38473.66667,0.58302215363036,0.368477140263169,0.048500706106471
"12","1114","BAS.5","red","BAS","pumilio",20.82822086,NA,14623,177.96191,114.6666667,1.395493334,127.5261627,42019.66667,511.3793433,289.0207406,3.517382414,145.3863365,43358.5,527.672945,99.14083541,1.206543967,437.3424918,3.008140258,0.877153698,3.429433479,4,5767.692857,14.38327396,43.92318689,0.109066553,0.123224214,0.105267191,0.165595343,0.227707228,0.626088788,8.679503001,0.421636581,0.037817658,3180.290344,38.86262215,-0.239486333,2.701931581,0.874135459,0.102180725,693,699,606,0.081732692,594,100001.16667,0.433579941552896,0.420191764448742,0.146228293998362
"13","1116","BAS.7","red","BAS","pumilio",18.34355828,3.080320303,10049.33334,122.3003867,96.33333336,1.172376667,104.3183391,51644,628.50748,242.8110292,2.955010225,212.6921507,66986.66667,815.2277334,143.6701938,1.748466258,466.2530545,2.192149795,0.490466332,4.469521453,4,4274.724946,10.66016196,28.04795379,0.138389378,0.157139633,0.131568991,0.1736235,0.220680615,0.562855078,5.908703034,0.363354214,0.033037575,1976.794047,23.30106541,-0.145258161,2.185807823,0.81469198,0.072213789,694,331,602,0.058378827,594,128680.00001,0.520567816791998,0.401336649020723,0.0780955341872789
"14","1117","BAS.8","red","BAS","pumilio",7.928677923,3.14725936,13883.13333,168.9577327,31.74366667,0.386320423,437.3512831,13621,165.76757,102.297,1.24495449,133.1515098,18435.97644,224.3658333,95.7885,1.165746045,192.4654467,1.445461993,3.284613774,0.440070612,3,3939.719359,9.824736557,29.82807505,0.131246432,0.148822754,0.118356114,0.134438916,0.194605199,0.621798206,9.212549681,0.428544207,0.030677138,2087.343024,26.5903096,-0.208155849,2.706465405,0.851003573,0.083026612,692,300,609,-0.010649738,606,45940.10977,0.401304579642932,0.296494720369494,0.302200699987574
"15","3424","CAL.1","red","CAL","vicentei",7.34192977,3.150784603,22904.66667,278.7497933,32.83929597,0.399654232,697.4773967,4188.825217,50.97800289,77.19597749,0.939475046,54.26222134,5694.539316,69.30254348,34.785908,0.4233445,163.7024773,3.016877549,12.85383052,0.234706498,9,4499.204455,11.21996124,28.12807636,0.106875593,0.12112598,0.09128652,0.200896695,0.287935131,0.607913371,15.32094129,0.604336823,0.094268731,2295.499277,24.7823716,-0.395023553,2.395520934,0.861970415,0.225743217,653.25,473,584.75,0.127382691,581.25,32788.031203,0.173677378819835,0.127754703875502,0.698567917304663
"16","3524","CAL.2","red","CAL","vicentei",6.555281253,2.565103353,17278.33333,210.2773167,26.20002687,0.318854327,659.4776953,10594.05952,128.9297044,114.56251,1.394225747,92.47405213,3085.9375,37.55585938,33.794236,0.411275852,91.3154983,0.987471579,7.131489105,0.138466394,6,2849.835111,7.106820727,20.28093662,0.086683486,0.097583633,0.06866525,0.224342735,0.332592249,0.627461282,23.06695046,0.649267426,0.11971846,1750.72213,19.29833799,-0.508552277,2.678952685,0.867463062,0.324426356,636.75,619.5,579.25,0.180366828,580.75,30958.33035,0.0996803595385111,0.34220383981399,0.558115800647498
"17","3624","CAL.3","red","CAL","vicentei",5.091055817,2.33139473,6401.333333,77.90422667,23.73326459,0.28883383,269.7198824,2484.773626,30.23969503,69.03375604,0.840140811,35.99360326,3032.904029,36.91044204,41.201202,0.501418628,73.61202786,2.045141947,7.493550464,0.272920288,4,3130.647999,7.807102243,19.40710231,0.12815345,0.144011225,0.096277781,0.192017443,0.283419657,0.590579312,13.85012754,0.608423721,0.08304145,1545.701858,17.39985679,-0.366921818,2.365452323,0.818275768,0.190472609,641,616.5,583.75,0.080914682,581.25,11919.010988,0.254459370165319,0.208471460299991,0.53706916953469
"18","3724","CAL.4","red","CAL","vicentei",5.718301673,3.64344243,9524,115.90708,22.47134897,0.262278946,441.9229289,3446.895029,41.94871251,66.82149762,0.718344156,51.58362432,3749.594444,45.63256439,26.16366,0.318411742,143.3130704,2.778266791,8.567116691,0.324294263,5,3278.970797,8.176984532,23.80963206,0.092665283,0.104399844,0.06376394,0.185997784,0.296102728,0.664494464,24.03358873,0.638347133,0.090050836,2100.918038,22.94540257,-0.517594555,2.807823326,0.909974335,0.254690185,658.5,530.5,585,0.105792625,581.5,16720.489473,0.224251476014191,0.206147973991192,0.569600549994617
"19","1102","CAY.1","green","CAY","pumilio",16.42,2.996428437,0,0,0,0,NA,51975.66667,632.5438633,113.83,1.3853111,456.6078069,7872.69,95.8106373,37.08,0.4512636,212.316343,0.464986231,0,NA,4,4994.729753,12.45568517,21.15074662,0.253938551,0.277675212,0.162318791,0.366540229,0.288109801,0.224582243,3.342836266,0.387650585,0.255009559,754.6710344,14.82356068,-0.138158082,1.190103995,0.274345034,0.303487895,572,300,517,0.851572978,518,59848.35667,0.131543962742528,0.868456037257472,0
"20","1103","CAY.2","green","CAY","pumilio",16.57,3.465878073,0,0,0,0,NA,NA,163.8882786,131.24,1.5971908,102.6103322,2947.46,35.8705882,30.85,0.3754445,95.54165316,0.93111143,0,NA,4,5665.849853,14.12930138,18.16106824,0.243784138,0.275334386,0.226577897,0.282457498,0.233185135,0.254543324,1.606877082,0.304688062,0.089570267,444.7281972,6.858978963,0.726081346,0.485443603,0.214611883,0.043481313,581,618,647,0.60493647,519,NA,NA,NA,NA
"21","1104","CAY.3","green","CAY","pumilio",16.47,2.85137015,0,0,0,0,NA,38127.57,464.0125269,127.45,1.5510665,299.1570812,10455.75,127.2464775,45.02,0.5478934,232.2467792,0.776337228,0,NA,4,3724.195814,9.287271357,13.48715544,0.230237922,0.258311019,0.199571468,0.323006373,0.25437508,0.254616985,2.162266692,0.331952822,0.069852084,502.2294693,7.2496476,0.689227766,0.780600385,0.305351897,0.054526564,553,595,639,0.813337109,518,48583.32,0.215212752030944,0.784787247969056,0
"22","1105","CAY.4","green","CAY","pumilio",28.63,2.58286344,935.25,11.3819925,20.52,0.2497284,45.57748538,42314.38,514.9660046,150.29,1.8290293,281.5515337,5420.14,65.9631038,40.64,0.4945888,133.3695866,0.473695117,0.161879727,2.926216431,5,1972.967631,4.920118781,9.043576538,0.177298258,0.197470118,0.140348805,0.384512307,0.3137112,0.304964037,4.045062045,0.390959566,0.058095515,564.0775463,6.807868794,-0.322053127,1.383679764,0.629595596,0.080385588,554,594,520,0.793692122,519,48669.77,0.111365638259643,0.869418121351303,0.0192162403890546
"23","1106","CAY.5","green","CAY","pumilio",18.39468303,2.61824163,0,0,0,0,NA,28144.85556,342.5228921,1979.908903,0.981713333,348.9031682,5300.233333,64.50383966,56.29183032,0.685071575,94.15635098,0.269863846,0,NA,4,4868.007222,12.13966888,16.76966021,0.221903145,0.251079201,0.217694705,0.309048695,0.244975515,0.258836937,1.846173943,0.320828226,0.069190692,601.9080681,7.686193143,0.738515738,0.633146852,0.269424601,0.043807869,555,595,650,0.869790277,518,33445.088893,0.158475683827808,0.841524316172192,0
"24","1107","CAY.6","green","CAY","pumilio",14.91,2.613138343,2036.07,24.7789719,21.96,0.2672532,92.71721311,36289.81,441.6469877,145.13,1.7662321,250.0503686,7236.01,88.0622417,40.25,0.4898425,179.776646,0.718961732,0.370794147,1.938978103,4,1948.800175,4.85985081,8.55997252,0.173657252,0.195056595,0.162625096,0.381443207,0.293115274,0.289991876,3.530199224,0.369933206,0.047140424,528.3000765,6.135187975,0.957393857,1.26242311,0.562330176,0.05951116,542,594,693,0.899801834,507,45561.89,0.158817160569941,0.796494833730559,0.0446880056995002
"25","1108","CAY.7","green","CAY","pumilio",23.28732107,4.241411323,176.015785,2.142112103,0,0,NA,31047.66667,377.8501033,1178.465723,1.685545,224.1708784,3225.533333,39.25474066,185.258934,2.254601227,17.4109462,0.077668189,0,NA,5,1919.112557,4.78581685,9.92975399,0.162400032,0.181123887,0.133533186,0.420610158,0.353792498,0.290906132,4.785334008,0.45997248,0.094064208,610.5854647,7.854715137,0.636485032,1.641248586,0.56949989,0.154382749,574,618,634,0.910131169,519,34449.215788,0.0936315460081846,0.901259026070925,0.00510942792089082
"26","1109","CAY.8","green","CAY","pumilio",21.85412406,3.435732983,3227,39.27259,137.7889578,1.676891616,23.41987379,31804.66667,387.0627933,1461.661623,2.377206667,162.8225256,3735.166667,45.45697834,96.060188,1.169052488,38.88360771,0.238809757,0.143836817,1.660282547,4,2554.643671,6.370682472,8.204544764,0.24080859,0.270218482,0.211472773,0.289101994,0.233247302,0.265735544,1.754487811,0.299569084,0.03070709,267.0191064,3.528225718,-0.833966279,0.553822253,0.332979641,0.01700627,555,381,331,0.5393229,518,38766.833337,0.0963495427787512,0.820409198593089,0.0832412586281602
"27","V644/22","DAM.1","green","DAM","granulifera",15.37,3.69,NA,NA,NA,NA,NA,683.6483155,8.682333607,118.3237469,1.44,30.8884694,105.9983566,1.29,69.0221857,0.84,8.210053335,0.265796703,NA,NA,3,1537.906978,3.835179497,6.01965666,0.233622195,0.257115664,0.156265257,0.336496498,0.27630088,0.280673063,3.349044659,0.363473067,0.054977853,290.800697,4.222231641,-0.992454992,1.10092152,0.566028703,0.060526302,573,344,301,0.570608655,518,NA,NA,NA,NA
"28","V645/22","DAM.2","green","DAM","granulifera",15.64,5.14,NA,NA,NA,NA,NA,1525.061627,19.36828266,196.3845522,2.39,40.79930302,493.0156122,6,53.41002465,0.65,48.496519,1.188660477,NA,NA,3,1796.162152,4.47920736,7.251638522,0.238174102,0.263574118,0.207467606,0.347849838,0.271047352,0.214063698,2.531660987,0.362374914,0.077911895,222.6529827,4.387258749,-0.891775769,0.979472124,0.067678746,0.076312529,574,618,321,1.189981787,518,NA,NA,NA,NA
"29","V646/22","DAM.3","green","DAM","granulifera",13.11,5.35,2838,34.53846,41.33,0.5029861,68.66682797,670.5012325,8.515365653,253.9030403,3.09,16.55154006,304.0262942,3.7,111.7502054,1.36,17.05177313,1.030222751,4.148666995,0.24832621,2,2182.099947,5.441645754,6.639089027,0.285917352,0.319082004,0.224247374,0.258776773,0.20735893,0.237917266,1.845211823,0.196128131,0.055527667,109.696706,3.041079874,0.674415159,0.558852967,0.243839137,0.031031802,315,481,635,-0.467919727,518,3812.5275267,0.079744025996097,0.175867905950666,0.744388068053237
"30","V647/22","DAM.4","green","DAM","granulifera",15.66,3.66,3318.5,40.386145,32.46,0.3950382,102.2335182,3095.316352,39.31051767,185.7025472,2.26,87.45906803,590.7970419,7.19,46.01479047,0.56,67.36875592,0.770288976,1.168929883,0.658969359,2,1598.147565,3.985405398,5.513042507,0.262335467,0.291165972,0.205853134,0.306310383,0.237140679,0.232741098,2.024333136,0.302311251,0.038832273,126.2078871,2.789655527,0.641261624,0.69996782,0.236890722,0.027181341,543,481,624,0.670049758,507,7004.6133939,0.0843439899787329,0.441896815418189,0.473759194603079
"31","V648/22","DAM.5","green","DAM","granulifera",19.16,5.79,NA,NA,NA,NA,NA,4452.752671,56.54995892,294.1659819,3.58,64.91574438,1484.798685,18.07,82.16926869,1,77.49471216,1.193773759,NA,NA,2,2541.40057,6.337657281,8.269690495,0.306766709,0.344770559,0.249240615,0.255831485,0.195934085,0.195314265,1.792491229,0.199129516,0.07064549,124.268766,3.656172525,0.572205253,0.576896535,-0.12893774,0.040755139,312,481,597,-2.035079804,507,NA,NA,NA,NA
"32","V649/22","DAM.6","green","DAM","granulifera",22.71,4.53,NA,NA,NA,NA,NA,3926.047658,49.86080526,164.3385374,2,86.43874192,1788.003287,21.76,79.70419063,0.97,81.16699065,0.939011708,NA,NA,NA,3958.120424,9.870624499,14.98470935,0.272009398,0.305986246,0.225670304,0.297919431,0.256189478,0.211846671,2.156156515,0.32412557,0.18157393,136.4972908,8.03497762,-0.991751169,0.814029307,-0.148548975,0.1478065,583,618,301,0.907799548,531,NA,NA,NA,NA
"33","V650/22","DAM.7","green","DAM","granulifera",19.12,5.52,NA,NA,NA,NA,NA,1230.895645,15.63237469,167.6253081,2.04,31.55754279,407.5595727,4.96,93.67296631,1.14,18.69813792,0.592509311,NA,NA,2,2628.518834,6.554909809,9.162881592,0.268741119,0.302211152,0.231343364,0.296118751,0.240349791,0.211340287,1.850654327,0.309649235,0.102202678,95.32967107,4.211723801,-0.695795345,0.642529634,-0.067163961,0.065668249,584,618,353,1.096493666,518,NA,NA,NA,NA
"34","V651/22","DAM.8","green","DAM","granulifera",16.28,4.23,NA,NA,NA,NA,NA,479.8685292,6.094330321,142.9745275,1.74,16.94020338,245.6861134,2.99,59.16187346,0.72,20.96011751,1.237300228,NA,NA,NA,4153.99899,10.35909973,13.86348321,0.266222131,0.299069676,0.220899576,0.2864574,0.235612394,0.233764237,1.864535142,0.306385904,0.097074142,223.7464273,6.428126858,-0.664229745,0.620529489,0.118963505,0.060237368,581,618,359,0.471231658,518,NA,NA,NA,NA
"35","V652/22","ESQ.1","green","ESQ","granulifera",19.19,5.16,3128.33,38.0717761,29.66,0.3609622,105.4730276,1531.635168,19.45176663,245.6861134,2.99,26.69372405,411.6680362,5.010000001,90.38619556,1.1,19.50201507,0.730584276,3.951229413,0.184900496,2,3333.94752,8.314083592,15.32169112,0.213124789,0.238230286,0.170366324,0.337071094,0.31593393,0.286665298,3.587667087,0.395136762,0.144951507,635.3700406,11.05103536,0.706521842,1.329194641,0.336622509,0.192668766,584,618,645,0.656173324,531,5071.6332042,0.0811707037210584,0.30200038258516,0.616828913693782
"36","V653/22","ESQ.2","green","ESQ","granulifera",14.03,3.76,2229.39,27.1316763,38.1,0.463677,58.51417323,1307.313065,16.60287593,185.7025472,2.26,41.23001485,685.2917009,8.34,73.95234182,0.9,54.27193323,1.316320972,1.419213004,0.927500642,2,4841.709569,12.0740887,19.83555806,0.247750008,0.275634828,0.18608993,0.324655509,0.282211789,0.248766038,2.87616866,0.359287841,0.20309159,592.3932593,12.93903689,-0.914715182,1.071636726,0.223316419,0.217640407,582,618,316,0.652515976,519,4221.9947659,0.162314673252305,0.309643459427956,0.528041867319739
"37","V654/22","ESQ.3","green","ESQ","granulifera",20.38,4.76,NA,NA,NA,NA,NA,626.9515201,7.962284305,268.6935086,3.27,9.40766897,936.7296631,11.4,78.88249795,0.96,47.8783153,5.089285715,NA,NA,NA,2331.299809,5.813715234,9.849845637,0.177854218,0.195014238,0.137303542,0.350828944,0.308897804,0.341152863,3.787877978,0.401488444,0.051415648,684.2428493,7.249485833,-0.324764131,1.246962663,0.645475219,0.064113394,588,381,521,0.609373356,519,NA,NA,NA,NA
"38","V655/22","ESQ.4","green","ESQ","granulifera",18.46,4.18,NA,NA,NA,NA,NA,1032.046015,13.10698439,198.0279376,2.41,23.19798814,654.8890715,7.97,87.9211175,1.07,33.15524709,1.429229418,NA,NA,3,3619.836217,9.027022986,15.16113726,0.214714316,0.236467453,0.162209354,0.341974913,0.29283293,0.288300651,3.03188225,0.376886352,0.127621864,742.6937655,10.16056797,0.887138928,1.125572405,0.484314851,0.143647648,581,344,680,0.656171261,519,NA,NA,NA,NA
"39","V656/22","ESQ.5","green","ESQ","granulifera",19.17,3.69,NA,NA,NA,NA,NA,1096.138044,13.92095316,336.8940016,4.1,13.94630894,563.6811832,6.86,92.02958094,1.12,26.25387432,1.882496253,NA,NA,4,3138.817416,7.827474853,13.72228985,0.210534846,0.232489148,0.170324789,0.361406168,0.301181562,0.26516154,3.11623807,0.390049966,0.128640041,630.9533505,9.318810542,0.645273714,1.190525772,0.393331683,0.153149284,579,618,631,0.845000354,519,NA,NA,NA,NA
"40","V657/22","ESQ.6","green","ESQ","granulifera",19.09,5.67,NA,NA,NA,NA,NA,910.4354971,11.56253081,161.8734593,1.97,24.20900988,755.1355793,9.19,107.641742,1.31,30.19588127,1.247299308,NA,NA,2,1891.506478,4.716973762,11.52793453,0.125133149,0.13264482,0.061301709,0.467076615,0.415885997,0.353937578,15.99689715,0.527988193,0.122197558,880.9272194,10.80729887,0.823085043,2.29115094,0.873463878,0.279973049,582,618,672,0.776361459,519,NA,NA,NA,NA
"41","V658/22","ESQ.7","green","ESQ","granulifera",15.51,4.74,336.58,4.0961786,18.01,0.2191817,18.68850639,998.3566146,12.67912901,156.9433032,1.91,33.70082516,289.2358258,3.52,78.88249795,0.96,19.42535903,0.576406036,0.554541508,1.039428118,2,3816.980527,9.518654681,17.69762129,0.220861992,0.244737244,0.168418568,0.352900394,0.312655021,0.265259936,3.267486921,0.393288573,0.215130921,705.5712992,12.28134214,0.629262934,1.290239277,0.351172146,0.277570364,584,618,627,0.760233791,519,1624.1724404,0.178081968764824,0.614686341035392,0.207231690199784
"42","V659/22","ESQ.8","green","ESQ","granulifera",15.14,3.62,1339.46,16.3012282,22.21,0.2702957,60.30886988,1199.671323,15.2358258,176.6639277,2.15,36.85512958,362.3664749,4.41,82.16926869,1,23.93437747,0.649417808,1.636376552,0.396863306,2,1833.126583,4.571387988,9.81211581,0.11306228,0.11976522,0.058774247,0.433533306,0.39074671,0.401714236,16.66384468,0.506399647,0.06990716,891.5396809,9.223289162,-0.608426729,2.017612416,0.892585577,0.141045554,586,356,522,0.676048865,519,2901.4977979,0.124889453702935,0.413466218677912,0.461644327619153
"43","3024","LOM.1","green","LOM","vicentei",7.44347625,3.24863546,2001.666667,24.36028333,18.88589638,0.229841359,105.9873795,10561.54583,128.5340128,58.81648447,0.715796616,179.5677849,2790.625,33.96190625,28.46798,0.346455317,98.02680052,0.545904159,0.590236047,0.924891256,4,4222.16512,10.52909007,16.39035333,0.28398519,0.334284219,0.319426604,0.234748222,0.163622327,0.169967616,2.717183668,0.286184648,0.127508185,656.1284541,10.54580141,0.317492532,0.961439834,-0.740107259,0.127133272,405.6666667,456,528.6666667,-0.935778334,378.6666667,15353.837497,0.181754235743687,0.687876619253241,0.130369145003072
"44","3124","LOM.2","green","LOM","vicentei",6.872853347,3.22604794,2557.833334,31.12883167,18.95102946,0.236232714,138.7329332,8587.754275,104.5129695,55.90342404,0.727781406,157.4953077,3247.589286,39.52316161,35.019875,0.426191879,103.128279,0.654802232,0.880870264,0.743358312,NA,3298.387393,8.225404969,14.41749457,0.22534821,0.275368697,0.349665737,0.250301408,0.171622124,0.183018816,3.604554295,0.332931477,0.130796731,757.6285778,10.71479729,0.012716877,1.297551186,-0.977638386,0.182809942,437.25,440,489.75,-0.280548402,398.25,14393.176895,0.225633945145784,0.596654535523931,0.177711519330285
"45","3224","LOM.3","green","LOM","vicentei",6.68282691,3.245637583,2990.333333,36.39235667,16.35078973,0.198989111,182.8861714,11977.10165,145.7613271,52.7810341,0.642345185,226.9205568,4126.428572,50.21863572,27.37515,0.333155576,150.7362906,0.664268997,0.805948011,0.824208246,3,4668.304818,11.6416579,18.52531465,0.261588226,0.316308492,0.328934443,0.252782604,0.171773146,0.165338338,2.932398608,0.335911195,0.14965711,715.0786512,12.23822936,0.22720591,1.022665551,-1.010513587,0.155481951,442.3333333,416,519.6666667,-1.194021474,380.6666667,19093.863555,0.216112813423737,0.627274915603114,0.156612270973149
"46","3324","LOM.4","green","LOM","vicentei",NA,NA,2125.333334,25.86530667,21.55126919,0.273476317,94.57969507,5198.406899,63.26461196,59.02581397,0.813217626,88.07005866,2368.75,28.8276875,42.6646,0.519228182,55.52026739,0.630410247,1.073914296,0.587021002,4,4304.425543,10.73422829,17.45575218,0.212583012,0.262125442,0.335807584,0.27291411,0.186714892,0.187210373,2.977808547,0.363633282,0.133752023,731.6664504,12.02172847,0.021729127,1.282498677,-0.806919012,0.15420953,441,442.6666667,503.3333333,-1.397881175,405.6666667,9692.490233,0.244390238530767,0.536333467874024,0.219276293595209
"47","V628/22","PAL.1","red","PAL","granulifera",14.5,4.65,2661.666667,32.39248333,23.035,0.28033595,115.5488025,1175.020542,14.92276088,106.8200493,1.3,62.33530727,405.9161873,4.939999999,60.80525883,0.74,37.83002678,0.606879607,2.170676297,6.557182862,2,5110.098141,12.74338688,36.00092631,0.085901387,0.095441435,0.068863828,0.207010353,0.305092998,0.645152811,12.67785133,0.566944447,0.057006474,3155.944348,33.16125535,-0.499234064,2.602232487,0.905295021,0.148344099,668,699,583,0.160680199,581,4242.6033963,0.0956762038266414,0.276957432086332,0.627366364087026
"48","v629/22","PAL.2","red","PAL","granulifera",14.03,10.15,NA,NA,NA,NA,NA,1364.00986,17.32292522,734.5932621,8.94,10.87482608,645.0287592,7.849999999,104.3549712,1.27,36.20075986,3.328858742,0,0,NA,4901.565686,12.22335583,33.50664667,0.087282903,0.097028296,0.073296104,0.217414697,0.309470232,0.62904513,10.73437599,0.563953639,0.073554248,2941.329907,30.38521263,-0.485190096,2.485832292,0.8964522,0.182843524,666,699,581,0.182474943,580,NA,NA,NA,NA
"49","v630/22","PAL.3","red","PAL","granulifera",11.73,9.22,NA,NA,NA,NA,NA,675.4313887,8.577978636,150.3697617,1.83,31.46531889,442.0706656,5.38,63.27033689,0.77,48.9443945,1.555502891,0,0,3,5485.431436,13.67938014,29.08246826,0.165067569,0.184488203,0.138679428,0.212757146,0.263567821,0.490664091,4.643953669,0.432648211,0.062322644,2130.7906,22.82003105,-0.172045714,1.668206513,0.753958748,0.10396704,667,368,581,0.094113723,581,NA,NA,NA,NA
"50","V631/22","PAL.4","red","PAL","granulifera",16.89,4.89,1258.666667,15.31797333,27.18533333,0.330845507,46.2994752,1038.619556,13.19046836,211.1750205,2.57,23.92730154,448.6442071,5.46,83.81265407,1.02,26.04187459,1.088374907,1.161291086,2.805489621,NA,4225.552465,10.53753732,31.99788028,0.083511308,0.093141672,0.063589834,0.179071394,0.282321961,0.680548788,15.11175078,0.503142349,0.034337944,2758.275399,29.88046313,-0.501729276,2.835621097,0.921245805,0.097369399,683,699,590,0.113065137,581,2745.9304301,0.163385132478998,0.378239573958243,0.458375293562759
"51","V632/22","PAL.5","red","PAL","granulifera",14,6.44,NA,NA,NA,NA,NA,1435.497124,18.23081347,324.5686113,3.95,25.95835667,453.5743632,5.52,117.5020542,1.43,22.6560621,0.872784914,0,NA,3,6528.109231,16.27957414,27.63354597,0.196306484,0.221542164,0.183217825,0.229326753,0.251856359,0.398551952,2.833036904,0.386170449,0.094341087,1653.199048,17.87950926,-0.018313778,1.098278684,0.593626445,0.103612805,614,619,574,0.111955176,569,NA,NA,NA,NA
"52","V633/22","PAL.6","red","PAL","granulifera",13.7,5.08,NA,NA,NA,NA,NA,1477.403451,18.76302383,437.9622021,5.33,20.23258311,598.1922761,7.28,99.42481512,1.21,36.08567751,1.783542779,0,NA,NA,3187.61705,7.949169702,21.91259702,0.121026288,0.136079602,0.101475361,0.177758489,0.250020764,0.606309273,8.239992394,0.465394542,0.037163251,1712.9228,19.25329881,-0.302640493,2.422051551,0.862317938,0.09001131,681,699,594,0.078612905,582,NA,NA,NA,NA
"53","V634/22","PAL.7","red","PAL","granulifera",16.03,5.24,NA,NA,NA,NA,NA,907.1487264,11.52078883,84.63434675,1.03,54.9424154,633.5250616,7.71,75.5957272,0.92,42.95784138,0.781870274,0,NA,NA,7485.599559,18.66733057,51.55903698,0.105770015,0.119360901,0.100203079,0.190615644,0.262758382,0.610096752,7.821654157,0.436461274,0.045074285,4092.698608,44.96720411,-0.330544905,2.408871688,0.868139431,0.108578168,686,368,592,0.128267059,581,NA,NA,NA,NA
"54","V635/22","PAL.8","red","PAL","granulifera",11.37,4.12,NA,NA,NA,NA,NA,3029.580937,38.4756779,113.3935908,1.38,193.0825422,198.0279376,2.410000001,39.44124897,0.48,36.2848024,0.187923786,0,NA,NA,3190.355101,7.955997758,21.95259378,0.096469594,0.108049329,0.078658617,0.200088892,0.297479994,0.631934539,11.25619188,0.547040876,0.036668899,1892.210658,20.00232552,-0.462799501,2.514119049,0.893591193,0.092189977,669,699,584,0.13850649,581,NA,NA,NA,NA
"55","1118","POP.1","green","POP","pumilio",17.98,0.2188166,239.42,2.9137414,20.96,0.2550832,11.42270992,59674,726.23258,78.21,0.9518157,762.9970592,4604.92,56.0418764,36.47,0.4438399,126.265972,0.16548684,0.014970844,11.05394192,3,2409.429094,6.008551356,12.57255449,0.124523204,0.138472223,0.112215987,0.446713498,0.369553395,0.324674364,6.485713716,0.484678155,0.10015454,983.5818077,10.63405473,0.814334933,1.769820061,0.686497954,0.177255514,575,618,667,0.891509402,518,64518.34,0.0713738140193936,0.924915303152561,0.00371088282804548
"56","1119","POP.2","green","POP","pumilio",22.91,0.2788147,1457.25,17.7347325,42.72,0.5199024,34.1116573,24356.33333,296.4165767,177.12,2.1555504,137.5131738,7968.67,96.9787139,63.99,0.7787583,124.5299266,0.90558543,0.248061014,3.650656006,3,1704.581887,4.250827649,9.959206416,0.124255618,0.139032223,0.118953596,0.496809313,0.364416516,0.268630252,11.55806369,0.474052735,0.089126653,726.4370666,9.09753904,0.634345416,2.140180641,0.720281155,0.190747137,541,595,628,1.08618,506,33782.25333,0.235883317852084,0.720980128000242,0.0431365541476744
"57","1120","POP.3","green","POP","pumilio",15.25,0.1855925,2123,25.83691,21.56,0.2623852,98.46938776,23315.75,283.7526775,86.77,1.0559909,268.7075026,4885.03,59.4508151,43.95,0.5348715,111.1497156,0.413645747,0.366455669,1.128774314,4,5211.790106,12.99698281,21.38297072,0.183915249,0.205793885,0.171046427,0.359557691,0.28079303,0.293086167,3.036560062,0.367786225,0.086657044,1268.087586,14.34113052,-0.290360807,1.10341998,0.50922597,0.095619114,552,582,511,0.838203351,507,30323.78,0.161095681343157,0.768893258030496,0.0700110606263467
"58","1121","POP.4","green","POP","pumilio",23.84,0.2901328,1160.89,14.1280313,18.63,0.2267271,62.31293612,12262.05,149.2291485,94.5,1.150065,129.7571429,7360.69,89.5795973,52.21,0.6353957,140.9823789,1.086509581,0.480227406,2.262489744,4,2080.725803,5.188842402,12.95794377,0.106224638,0.11791227,0.095257193,0.533872501,0.405893015,0.273074913,10.65011824,0.548537757,0.15140355,999.1408648,11.74124894,0.610888399,2.262787735,0.676412732,0.342594097,556,595,624,1.084982985,518,20783.63,0.354158056123978,0.589985964915657,0.0558559789603645
"59","1122","POP.5","green","POP","pumilio",20.55,0.2500935,2172.92,26.4444364,27.71,0.3372307,78.41645615,96427.5,1173.522675,103.21,1.2560657,934.2844686,20143.92,245.1515064,60.37,0.7347029,333.6743416,0.357144267,0.083932099,4.255157119,4,3090.221798,7.706288774,13.10128454,0.182774839,0.205189396,0.170375229,0.365604147,0.276904227,0.288996347,3.127885059,0.357163756,0.058597918,767.0247232,8.912740428,0.997174301,1.156554172,0.509912341,0.067771666,541,581,700,0.869859123,506,118744.34,0.169641096156667,0.812059757964043,0.0182991458792899
"60","1123","POP.6","green","POP","pumilio",20.106,NA,1430.696,17.41157032,26.316,0.32026572,56.94662945,43207.12667,525.8307315,107.962,1.31389754,446.6518694,8992.646,109.4405018,51.398,0.62551366,167.3204669,0.37461047,0.127496678,2.938197897,NA,4690.653961,11.69739142,19.01074225,0.210267386,0.23578808,0.187993452,0.353689058,0.264681958,0.255860453,2.672512151,0.348907103,0.10805844,877.1151259,11.89730696,-0.21552522,1.017090608,0.371371556,0.109905224,541,594,509,0.947042694,506,53630.46867,0.167677930531126,0.805645144290327,0.026676925178547
"61","1124","POP.7","green","POP","pumilio",22.21881391,0.24469002,5343.5,65.030395,16.46462641,0.200374503,324.544261,90904,1106.30168,157.6666667,1.918803333,576.5581396,28162.66667,342.7396533,58.16666667,0.707888333,484.17192,0.839762527,0.562899452,1.491851739,4,3958.670217,9.871995553,16.09628456,0.217867651,0.245163158,0.197147488,0.351752029,0.282862763,0.241014548,2.410315484,0.374071032,0.141717655,636.0463368,9.418202514,-0.129064446,0.954032289,0.156305247,0.135203219,574,618,519,1.024320629,518,124410.16667,0.226369495546951,0.730679834559858,0.0429506698931907
"62","V636/22","SAN.1","red","SAN","granulifera",18.07,4.47,4221.75,51.3786975,16.7455,0.203792735,252.1125078,965.4889071,12.26170912,187.3459326,2.28,23.43442429,879.211175,10.7,81.34757601,0.99,49.1473213,2.097227595,4.190174224,4.80174743,5,4797.768831,11.9645108,36.6903648,0.072983526,0.082468844,0.065271291,0.189723266,0.288188969,0.678666174,14.79453469,0.518774881,0.057481797,3127.807419,34.21037029,-0.506881682,2.859320441,0.919612431,0.164358877,681,699,589,0.146628097,581,6066.4500821,0.144930093069462,0.159152205001872,0.695917701928666
"63","V637/22","SAN.2","red","SAN","granulifera",15.64,4.85,2660.25,32.3752425,23.944,0.29139848,111.1029903,721.4461791,9.162366475,114.2152835,1.39,33.18580743,1336.072309,16.26,110.9285127,1.35,63.27897646,1.906808403,3.533502244,1.991097325,3,4416.447461,11.01358469,31.97711811,0.123769965,0.13998953,0.109456976,0.174060036,0.24151684,0.599161796,8.985184383,0.353627529,0.027858223,2301.424707,28.41824645,-0.262195319,2.580290363,0.855132673,0.071882304,700,380,597,0.070454978,581,4717.7684881,0.283200057902392,0.152921064465067,0.563878877632541
"64","V638/22","SAN.3","red","SAN","granulifera",13.11,3.97,5948.5,72.393245,39.31916667,0.478514258,151.28754,1253.90304,15.92456861,106.8200493,1.3,73.57290618,578.4716516,7.04,76.41741988,0.93,47.44565436,0.644879438,4.546009802,10.28313139,3,3903.166117,9.733581338,23.24548733,0.142968144,0.161859519,0.124650415,0.20646963,0.269891873,0.532968564,6.496387502,0.298790563,0.043416071,1732.799003,19.66726985,-0.256457333,2.020558433,0.800332858,0.087724709,700,481,582,0.109933518,580,7780.8746916,0.0743453242120067,0.161151938528669,0.764502737259324
"65","V639/22","SAN.4","red","SAN","granulifera",16.42,5.94,733,8.92061,12.7495,0.155161415,57.49245068,1447.000822,18.37691044,147.082991,1.79,49.23144625,479.0468365,5.83,65.73541495,0.8,36.46824273,0.740750994,0.485424905,1.530121784,5,6855.721757,17.09656298,30.83270697,0.225279328,0.255526387,0.205169491,0.195901271,0.207254547,0.380557936,3.166439641,0.218758424,0.080633657,1436.986205,21.09536457,0.134131558,1.233895058,0.57230714,0.099493471,700,481,588,-0.14636,569,2659.0476585,0.180157296154006,0.544180100486153,0.275662603359841
"66","V640/22","SAN.5","red","SAN","granulifera",16.11,4.57,2024.666667,24.64019333,24.539,0.29863963,82.50811632,363.1881676,4.612489729,124.8972884,1.52,14.83175568,478.2251438,5.82,83.81265407,1.02,29.10292863,1.962203886,5.34205923,4.233710194,4,4236.981995,10.56603989,22.85068585,0.183114333,0.207829576,0.174492667,0.196905173,0.221127428,0.452264588,3.936668229,0.26194937,0.055574219,1312.916609,17.04611088,0.027998131,1.613292309,0.697115335,0.08965746,700,481,595,0.02964415,581,2866.0799784,0.166856873291781,0.126719481081177,0.706423645627041
"67","V641/22","SAN.6","red","SAN","granulifera",14.56,4.13,NA,0,NA,0,NA,1301.561216,16.52982744,105.9983566,1.29,69.29685322,654.8890715,7.97,54.23171734,0.66,68.14946215,0.983442378,0,0,3,2983.587211,7.44036711,22.57349025,0.095760611,0.104756106,0.075178576,0.183756677,0.272180888,0.651880913,12.81937731,0.431059257,0.049556234,1826.936638,20.81260205,-0.431235377,2.797254724,0.904928078,0.13862141,692,380,591,0.111905036,582,NA,NA,NA,NA
"68","V642/22","SAN.7","red","SAN","granulifera",17.73,4.28,NA,0,NA,0,NA,433.032046,5.499506984,89.56450288,1.09,22.4070562,600.6573541,7.309999999,73.95234182,0.9,37.64224817,1.679928315,0,0,3,4770.129221,11.89558409,26.84365622,0.180473081,0.204304109,0.158935241,0.184042334,0.226289639,0.483254566,5.291941382,0.310086361,0.081887783,1692.269792,21.77110263,-0.066203649,1.830183576,0.723265254,0.149869676,694,481,591,-0.014603631,581,NA,NA,NA,NA
"69","V643/22","SAN.8","red","SAN","granulifera",15.79,4.79,2246.666667,27.34193333,16.1765,0.196868005,138.884596,803.6154478,10.20591619,86.27773213,1.05,48.4704272,428.1018899,5.21,65.73541495,0.8,33.89026994,0.699194785,2.679027813,5.247971848,3,4125.074687,10.28696929,26.98318963,0.130124248,0.146721824,0.114479643,0.183377089,0.260064435,0.578958379,8.757971354,0.334215786,0.065900802,2053.951363,23.90220334,-0.302861562,2.323541819,0.825744081,0.153123268,699,481,588,0.073469554,581,3478.3840047,0.123074936327199,0.231031262423629,0.645893801249172
