slide,histology_measurement,sum/avg_per_image,slide_image
1094,tissue_thickness,18.75199748,1094_40x_5
1094,tissue_thickness,19.37730339,1094_40x_6
1094,tissue_thickness,17.93531373,1094_40x_7
1094,tissue_thickness,19.64359861,1094_40x_8
1094,tissue_thickness,17.20790147,1094_40x_9
1094,tissue_thickness,17.31010852,1094_40x_10
1094,collagen_layer_px,0.058680081,1094_40x_5
1094,collagen_layer_px,0.056605721,1094_40x_6
1094,collagen_layer_px,0.055554225,1094_40x_7
1094,collagen_layer_px,0.055607534,1094_40x_8
1094,collagen_layer_px,0.059933955,1094_40x_9
1094,collagen_layer_px,0.061187121,1094_40x_10
1094,iridophores_area_px,10203.85681,1094_40x_5
1094,iridophores_area_px,9997.68032,1094_40x_6
1094,iridophores_area_px,8850.016145,1094_40x_7
1094,iridophores_area_px,10370.06778,1094_40x_8
1094,iridophores_area_px,8744.717874,1094_40x_9
1094,iridophores_area_px,11201.20026,1094_40x_10
1094,iridophores_thickness_px,83.07566064,1094_40x_5
1094,iridophores_thickness_px,89.19668558,1094_40x_6
1094,iridophores_thickness_px,87.91059733,1094_40x_7
1094,iridophores_thickness_px,73.5673266,1094_40x_8
1094,iridophores_thickness_px,86.99669427,1094_40x_9
1094,iridophores_thickness_px,87.40743162,1094_40x_10
1094,melanophores_area_px,18794.15252,1094_40x_5
1094,melanophores_area_px,21104.29197,1094_40x_6
1094,melanophores_area_px,25975.66191,1094_40x_7
1094,melanophores_area_px,20791.98473,1094_40x_8
1094,melanophores_area_px,17426.7528,1094_40x_9
1094,melanophores_area_px,21100.15606,1094_40x_10
1094,melanophores_thickness_px,390.8422487,1094_40x_5
1094,melanophores_thickness_px,388.6729022,1094_40x_6
1094,melanophores_thickness_px,471.939755,1094_40x_7
1094,melanophores_thickness_px,364.5283656,1094_40x_8
1094,melanophores_thickness_px,401.9240125,1094_40x_9
1094,melanophores_thickness_px,429.1759033,1094_40x_10
1094,xanthophores_area_px,105345.797,1094_40x_5
1094,xanthophores_area_px,104756.1185,1094_40x_6
1094,xanthophores_area_px,123389.5647,1094_40x_7
1094,xanthophores_area_px,112924.7791,1094_40x_8
1094,xanthophores_area_px,98997.91165,1094_40x_9
1094,xanthophores_area_px,103699.2574,1094_40x_10
1094,xanthophores_thickness_px,173.1397489,1094_40x_5
1094,xanthophores_thickness_px,132.4985012,1094_40x_6
1094,xanthophores_thickness_px,123.1571448,1094_40x_7
1094,xanthophores_thickness_px,139.7930046,1094_40x_8
1094,xanthophores_thickness_px,139.2113272,1094_40x_9
1094,xanthophores_thickness_px,175.0307249,1094_40x_10
1096,tissue_thickness,22.83737203,1096_40x_1
1096,tissue_thickness,23.30542747,1096_40x_2
1096,tissue_thickness,24.01397254,1096_40x_3
1096,tissue_thickness,26.17112906,1096_40x_4
1096,tissue_thickness,23.50356703,1096_40x_7
1096,tissue_thickness,26.67063002,1096_40x_8
1096,collagen_layer_px,0.043262767,1096_40x_1
1096,collagen_layer_px,0.045914544,1096_40x_2
1096,collagen_layer_px,0.046647295,1096_40x_3
1096,collagen_layer_px,0.053092475,1096_40x_4
1096,collagen_layer_px,0.044314405,1096_40x_7
1096,collagen_layer_px,0.043153054,1096_40x_8
1096,iridophores_area_px,12435.5149,1096_40x_1
1096,iridophores_area_px,12274.75878,1096_40x_2
1096,iridophores_area_px,14307.20684,1096_40x_3
1096,iridophores_area_px,14335.72477,1096_40x_4
1096,iridophores_area_px,16423.91453,1096_40x_7
1096,iridophores_area_px,14118.88013,1096_40x_8
1096,iridophores_thickness_px,82.14047399,1096_40x_1
1096,iridophores_thickness_px,78.10890516,1096_40x_2
1096,iridophores_thickness_px,82.54742503,1096_40x_3
1096,iridophores_thickness_px,89.98217397,1096_40x_4
1096,iridophores_thickness_px,97.6841554,1096_40x_5
1096,iridophores_thickness_px,93.80704704,1096_40x_6
1096,melanophores_area_px,48531.33464,1096_40x_1
1096,melanophores_area_px,49115.28167,1096_40x_2
1096,melanophores_area_px,43774.77447,1096_40x_3
1096,melanophores_area_px,42435.00743,1096_40x_4
1096,melanophores_area_px,49862.70905,1096_40x_7
1096,melanophores_area_px,53866.89274,1096_40x_8
1096,melanophores_thickness_px,653.7202149,1096_40x_1
1096,melanophores_thickness_px,579.4520937,1096_40x_2
1096,melanophores_thickness_px,546.5821188,1096_40x_3
1096,melanophores_thickness_px,615.0409396,1096_40x_4
1096,melanophores_thickness_px,559.8854984,1096_40x_7
1096,melanophores_thickness_px,545.2407546,1096_40x_8
1096,xanthophores_area_px,23702.69713,1096_40x_1
1096,xanthophores_area_px,18481.22152,1096_40x_2
1096,xanthophores_area_px,21867.12711,1096_40x_3
1096,xanthophores_area_px,25473.74842,1096_40x_4
1096,xanthophores_area_px,23638.70381,1096_40x_7
1096,xanthophores_area_px,22000.48314,1096_40x_8
1096,xanthophores_thickness_px,76.02987916,1096_40x_1
1096,xanthophores_thickness_px,73.16775625,1096_40x_2
1096,xanthophores_thickness_px,90.08559979,1096_40x_3
1096,xanthophores_thickness_px,87.68287029,1096_40x_4
1096,xanthophores_thickness_px,88.85243371,1096_40x_7
1096,xanthophores_thickness_px,103.4105819,1096_40x_8
1097,tissue_thickness,17.6933379,1097_40x_1
1097,tissue_thickness,17.65109539,1097_40x_2
1097,tissue_thickness,18.39647319,1097_40x_3
1097,tissue_thickness,19.32808697,1097_40x_4
1097,tissue_thickness,17.1141353,1097_40x_5
1097,tissue_thickness,19.62273757,1097_40x_6
1097,collagen_layer_px,0.051733406,1097_40x_1
1097,collagen_layer_px,0.063648733,1097_40x_2
1097,collagen_layer_px,0.044357317,1097_40x_3
1097,collagen_layer_px,0.057955146,1097_40x_4
1097,collagen_layer_px,0.047860015,1097_40x_5
1097,collagen_layer_px,0.056815663,1097_40x_6
1097,melanophores_area_px,30805.93263,1097_40x_1
1097,melanophores_area_px,33189.46389,1097_40x_2
1097,melanophores_area_px,30423.09089,1097_40x_3
1097,melanophores_area_px,37587.74335,1097_40x_4
1097,melanophores_area_px,31527.07087,1097_40x_5
1097,melanophores_area_px,34214.69837,1097_40x_6
1097,melanophores_thickness_px,35.48139831,1097_40x_1
1097,melanophores_thickness_px,28.89980264,1097_40x_2
1097,melanophores_thickness_px,39.84154984,1097_40x_3
1097,melanophores_thickness_px,35.16460856,1097_40x_4
1097,melanophores_thickness_px,34.50386248,1097_40x_5
1097,melanophores_thickness_px,33.89476359,1097_40x_6
1097,xanthophores_area_px,135.6417455,1097_40x_1
1097,xanthophores_area_px,134.3837907,1097_40x_2
1097,xanthophores_area_px,107.21537,1097_40x_3
1097,xanthophores_area_px,133.7242684,1097_40x_4
1097,xanthophores_area_px,134.5225095,1097_40x_5
1097,xanthophores_area_px,120.081209,1097_40x_6
1097,xanthophores_thickness_px,80.04256081,1097_40x_1
1097,xanthophores_thickness_px,80.76861128,1097_40x_2
1097,xanthophores_thickness_px,81.30584187,1097_40x_3
1097,xanthophores_thickness_px,89.937171,1097_40x_4
1097,xanthophores_thickness_px,66.92669744,1097_40x_5
1097,xanthophores_thickness_px,96.87945448,1097_40x_6
1098,tissue_thickness,15.82773994,1098_40x_1
1098,tissue_thickness,12.84744261,1098_40x_2
1098,tissue_thickness,14.00627734,1098_40x_3
1098,collagen_layer_px,0.031635807,1098_40x_1
1098,collagen_layer_px,0.033706524,1098_40x_2
1098,collagen_layer_px,0.034356871,1098_40x_3
1098,iridophores_area_px,4711.971513,1098_40x_1
1098,iridophores_area_px,5043.754308,1098_40x_2
1098,iridophores_area_px,4769.591868,1098_40x_3
1098,iridophores_thickness_px,60.00811406,1098_40x_1
1098,iridophores_thickness_px,64.10340498,1098_40x_2
1098,iridophores_thickness_px,56.52451464,1098_40x_3
1098,melanophores_area_px,13676.436,1098_40x_1
1098,melanophores_area_px,9537.025747,1098_40x_2
1098,melanophores_area_px,12532.24531,1098_40x_3
1098,melanophores_thickness_px,662.2335723,1098_40x_1
1098,melanophores_thickness_px,612.133071,1098_40x_2
1098,melanophores_thickness_px,728.1018398,1098_40x_3
1098,xanthophores_area_px,8013.192439,1098_40x_1
1098,xanthophores_area_px,7043.610446,1098_40x_2
1098,xanthophores_area_px,7847.92687,1098_40x_3
1098,xanthophores_thickness_px,45.3088085,1098_40x_1
1098,xanthophores_thickness_px,34.12052307,1098_40x_2
1098,xanthophores_thickness_px,42.80583656,1098_40x_3
1099,tissue_thickness,31.92592179,1099_40x_1
1099,tissue_thickness,22.44226183,1099_40x_2
1099,tissue_thickness,27.37543541,1099_40x_3
1099,tissue_thickness,21.7527412,1099_40x_4
1099,tissue_thickness,31.32224112,1099_40x_5
1099,tissue_thickness,28.55563181,1099_40x_6
1099,collagen_layer_px,0.036759468,1099_40x_1
1099,collagen_layer_px,0.037200815,1099_40x_2
1099,collagen_layer_px,0.042268853,1099_40x_3
1099,collagen_layer_px,0.039343031,1099_40x_4
1099,iridophores_area_px,10438.56725,1099_40x_1
1099,iridophores_area_px,8482.833697,1099_40x_2
1099,iridophores_area_px,8722.107387,1099_40x_3
1099,iridophores_area_px,10102.58387,1099_40x_4
1099,iridophores_thickness_px,62.27583344,1099_40x_1
1099,iridophores_thickness_px,60.06295131,1099_40x_2
1099,iridophores_thickness_px,57.17746777,1099_40x_3
1099,iridophores_thickness_px,55.07087156,1099_40x_4
1099,melanophores_area_px,29429.02897,1099_40x_1
1099,melanophores_area_px,32576.93744,1099_40x_2
1099,melanophores_area_px,33699.68037,1099_40x_3
1099,melanophores_area_px,37355.83073,1099_40x_4
1099,melanophores_thickness_px,1351.914969,1099_40x_1
1099,melanophores_thickness_px,1214.423433,1099_40x_2
1099,melanophores_thickness_px,1151.110302,1099_40x_3
1099,melanophores_thickness_px,1294.447316,1099_40x_4
1099,xanthophores_area_px,48348.9214,1099_40x_1
1099,xanthophores_area_px,61370.05407,1099_40x_2
1099,xanthophores_area_px,54820.49778,1099_40x_3
1099,xanthophores_area_px,50228.77788,1099_40x_4
1099,xanthophores_thickness_px,84.76176764,1099_40x_1
1099,xanthophores_thickness_px,80.32255734,1099_40x_2
1099,xanthophores_thickness_px,71.81837177,1099_40x_3
1099,xanthophores_thickness_px,83.52178352,1099_40x_4
1100,tissue_thickness,33.22224744,1100_40x_1
1100,tissue_thickness,35.10537321,1100_40x_2
1100,tissue_thickness,31.12665624,1100_40x_3
1100,collagen_layer_px,0.027400162,1100_40x_1
1100,collagen_layer_px,0.040166529,1100_40x_2
1100,collagen_layer_px,0.037116615,1100_40x_3
1100,iridophores_area_px,44884.80478,1100_40x_1
1100,iridophores_area_px,35265.18264,1100_40x_2
1100,iridophores_area_px,35973.55032,1100_40x_3
1100,iridophores_thickness_px,112.5107418,1100_40x_1
1100,iridophores_thickness_px,99.94196155,1100_40x_2
1100,iridophores_thickness_px,115.5310761,1100_40x_3
1100,melanophores_area_px,17687.62209,1100_40x_1
1100,melanophores_area_px,20111.69858,1100_40x_2
1100,melanophores_area_px,22426.70456,1100_40x_3
1100,melanophores_thickness_px,2366.628562,1100_40x_1
1100,melanophores_thickness_px,2301.779329,1100_40x_2
1100,melanophores_thickness_px,2423.000848,1100_40x_3
1100,xanthophores_area_px,61184.26698,1100_40x_1
1100,xanthophores_area_px,72427.19687,1100_40x_2
1100,xanthophores_area_px,85333.15849,1100_40x_3
1100,xanthophores_thickness_px,179.0801235,1100_40x_1
1100,xanthophores_thickness_px,126.5938111,1100_40x_2
1100,xanthophores_thickness_px,180.9163861,1100_40x_3
1101,tissue_thickness,35.78995581,1101_40x_1
1101,tissue_thickness,33.41780821,1101_40x_2
1101,tissue_thickness,33.01607559,1101_40x_3
1101,collagen_layer_px,0.060145462,1101_40x_1
1101,collagen_layer_px,0.054021621,1101_40x_2
1101,collagen_layer_px,0.048876523,1101_40x_3
1101,collagen_layer_px,0.050934268,1101_40x_4
1101,collagen_layer_px,0.050971582,1101_40x_5
1101,collagen_layer_px,0.066014102,1101_40x_6
1101,iridophores_area_px,21729.13488,1101_40x_1
1101,iridophores_area_px,20490.14186,1101_40x_2
1101,iridophores_area_px,17940.3496,1101_40x_3
1101,iridophores_area_px,24808.64619,1101_40x_4
1101,iridophores_area_px,21973.8492,1101_40x_5
1101,iridophores_area_px,26233.87827,1101_40x_6
1101,iridophores_thickness_px,86.51944646,1101_40x_1
1101,iridophores_thickness_px,58.73314842,1101_40x_2
1101,iridophores_thickness_px,93.54722324,1101_40x_3
1101,iridophores_thickness_px,78.97764146,1101_40x_4
1101,iridophores_thickness_px,74.4378266,1101_40x_5
1101,iridophores_thickness_px,79.96394705,1101_40x_6
1101,melanophores_area_px,22996.23315,1101_40x_1
1101,melanophores_area_px,19094.01482,1101_40x_2
1101,melanophores_area_px,17315.86669,1101_40x_3
1101,melanophores_area_px,21700.09105,1101_40x_4
1101,melanophores_area_px,16649.75569,1101_40x_5
1101,melanophores_area_px,14820.03862,1101_40x_6
1101,melanophores_thickness_px,1779.662982,1101_40x_1
1101,melanophores_thickness_px,1923.476899,1101_40x_2
1101,melanophores_thickness_px,1996.516293,1101_40x_3
1101,melanophores_thickness_px,1995.23312,1101_40x_4
1101,melanophores_thickness_px,1908.750839,1101_40x_5
1101,melanophores_thickness_px,1855.242428,1101_40x_6
1101,xanthophores_area_px,41313.5177,1101_40x_1
1101,xanthophores_area_px,30472.38831,1101_40x_2
1101,xanthophores_area_px,42889.77024,1101_40x_3
1101,xanthophores_area_px,43927.81141,1101_40x_4
1101,xanthophores_area_px,51134.08627,1101_40x_5
1101,xanthophores_area_px,43438.42607,1101_40x_6
1101,xanthophores_thickness_px,83.6005182,1101_40x_1
1101,xanthophores_thickness_px,88.36775862,1101_40x_2
1101,xanthophores_thickness_px,120.2429793,1101_40x_3
1101,xanthophores_thickness_px,116.5828251,1101_40x_4
1101,xanthophores_thickness_px,94.2212816,1101_40x_5
1101,xanthophores_thickness_px,95.19035613,1101_40x_6
1110,tissue_thickness,33.49309109,1110_40x_1
1110,tissue_thickness,37.57084462,1110_40x_2
1110,tissue_thickness,36.90375543,1110_40x_3
1110,collagen_layer_px,0.024336336,1110_40x_1
1110,collagen_layer_px,0.020749942,1110_40x_2
1110,collagen_layer_px,0.026066761,1110_40x_3
1110,iridophores_area_px,16522.82384,1110_40x_1
1110,iridophores_area_px,14598.71693,1110_40x_2
1110,iridophores_area_px,14469.84052,1110_40x_3
1110,iridophores_thickness_px,76.6725955,1110_40x_1
1110,iridophores_thickness_px,88.19951221,1110_40x_2
1110,iridophores_thickness_px,73.32837816,1110_40x_3
1110,melanophores_area_px,49809.50159,1110_40x_1
1110,melanophores_area_px,49125.92532,1110_40x_2
1110,melanophores_area_px,49466.81109,1110_40x_3
1110,melanophores_thickness_px,1911.653547,1110_40x_1
1110,melanophores_thickness_px,1997.152115,1110_40x_2
1110,melanophores_thickness_px,2036.704968,1110_40x_3
1110,xanthophores_area_px,44342.15641,1110_40x_1
1110,xanthophores_area_px,51669.77697,1110_40x_2
1110,xanthophores_area_px,40725.74234,1110_40x_3
1110,xanthophores_thickness_px,136.6896714,1110_40x_1
1110,xanthophores_thickness_px,129.35902,1110_40x_2
1110,xanthophores_thickness_px,98.77523706,1110_40x_3
1111,tissue_thickness,29.62892511,1111_40x_1
1111,tissue_thickness,31.27936185,1111_40x_2
1111,tissue_thickness,27.86919011,1111_40x_7
1111,collagen_layer_px,0,1111_40x_1
1111,collagen_layer_px,0,1111_40x_2
1111,collagen_layer_px,0,1111_40x_7
1111,collagen_layer_px,0,1111_40x_4
1111,collagen_layer_px,0,1111_40x_5
1111,collagen_layer_px,0,1111_40x_6
1111,iridophores_area_px,28382.07308,1111_40x_1
1111,iridophores_area_px,28515.58444,1111_40x_2
1111,iridophores_area_px,25701.76759,1111_40x_7
1111,iridophores_area_px,29825.33533,1111_40x_4
1111,iridophores_area_px,23309.96589,1111_40x_5
1111,iridophores_area_px,29593.27364,1111_40x_6
1111,iridophores_thickness_px,151.6863269,1111_40x_1
1111,iridophores_thickness_px,140.1854134,1111_40x_2
1111,iridophores_thickness_px,171.0841544,1111_40x_7
1111,iridophores_thickness_px,158.2081919,1111_40x_4
1111,iridophores_thickness_px,161.1426992,1111_40x_5
1111,iridophores_thickness_px,133.0265472,1111_40x_6
1111,melanophores_area_px,105413.0069,1111_40x_1
1111,melanophores_area_px,103393.8461,1111_40x_2
1111,melanophores_area_px,97094.77339,1111_40x_7
1111,melanophores_area_px,114573.6893,1111_40x_4
1111,melanophores_area_px,114417.7438,1111_40x_5
1111,melanophores_area_px,109416.9406,1111_40x_6
1111,melanophores_thickness_px,382.5943407,1111_40x_1
1111,melanophores_thickness_px,416.2660353,1111_40x_2
1111,melanophores_thickness_px,387.0151074,1111_40x_7
1111,melanophores_thickness_px,363.0634778,1111_40x_4
1111,melanophores_thickness_px,356.2855873,1111_40x_5
1111,melanophores_thickness_px,401.9003169,1111_40x_6
1111,xanthophores_area_px,35153.6955,1111_40x_1
1111,xanthophores_area_px,32235.99585,1111_40x_2
1111,xanthophores_area_px,35533.64649,1111_40x_7
1111,xanthophores_area_px,30927.16509,1111_40x_4
1111,xanthophores_area_px,31345.61928,1111_40x_5
1111,xanthophores_area_px,34939.87779,1111_40x_6
1111,xanthophores_thickness_px,145.9183725,1111_40x_1
1111,xanthophores_thickness_px,180.6808135,1111_40x_2
1111,xanthophores_thickness_px,138.2305109,1111_40x_7
1111,xanthophores_thickness_px,181.1807239,1111_40x_4
1111,xanthophores_thickness_px,154.8808708,1111_40x_5
1111,xanthophores_thickness_px,168.672472,1111_40x_6
1112,tissue_thickness,17.15631994,1112_40x_1
1112,tissue_thickness,20.18136069,1112_40x_2
1112,tissue_thickness,23.79343634,1112_40x_3
1112,tissue_thickness,19.38306473,1112_40x_4
1112,tissue_thickness,24.35974882,1112_40x_5
1112,tissue_thickness,18.99110017,1112_40x_6
1112,collagen_layer_px,0.056708961,1112_40x_1
1112,collagen_layer_px,0.055716711,1112_40x_2
1112,collagen_layer_px,0.05694887,1112_40x_3
1112,collagen_layer_px,0.048354331,1112_40x_4
1112,collagen_layer_px,0.045941397,1112_40x_5
1112,collagen_layer_px,0.051694159,1112_40x_6
1112,iridophores_area_px,16890.99319,1112_40x_1
1112,iridophores_area_px,16687.30821,1112_40x_2
1112,iridophores_area_px,13874.45671,1112_40x_3
1112,iridophores_area_px,17264.2025,1112_40x_4
1112,iridophores_area_px,13266.45897,1112_40x_5
1112,iridophores_area_px,13952.58038,1112_40x_6
1112,iridophores_thickness_px,123.0264607,1112_40x_1
1112,iridophores_thickness_px,135.9985966,1112_40x_2
1112,iridophores_thickness_px,124.4732381,1112_40x_3
1112,iridophores_thickness_px,117.2261744,1112_40x_4
1112,iridophores_thickness_px,114.9231348,1112_40x_5
1112,iridophores_thickness_px,117.0190619,1112_40x_6
1112,melanophores_area_px,57377.26377,1112_40x_1
1112,melanophores_area_px,52515.29623,1112_40x_2
1112,melanophores_area_px,51669.6622,1112_40x_3
1112,melanophores_area_px,54301.56572,1112_40x_4
1112,melanophores_area_px,60634.12321,1112_40x_5
1112,melanophores_area_px,60636.08887,1112_40x_6
1112,melanophores_thickness_px,308.926641,1112_40x_1
1112,melanophores_thickness_px,298.4406294,1112_40x_2
1112,melanophores_thickness_px,315.2214396,1112_40x_3
1112,melanophores_thickness_px,297.3581094,1112_40x_4
1112,melanophores_thickness_px,347.6077942,1112_40x_5
1112,melanophores_thickness_px,279.1534905,1112_40x_6
1112,xanthophores_area_px,32524.92267,1112_40x_1
1112,xanthophores_area_px,41033.93531,1112_40x_2
1112,xanthophores_area_px,35384.76754,1112_40x_3
1112,xanthophores_area_px,33863.24102,1112_40x_4
1112,xanthophores_area_px,34667.62392,1112_40x_5
1112,xanthophores_area_px,35997.50957,1112_40x_6
1112,xanthophores_thickness_px,116.7288862,1112_40x_1
1112,xanthophores_thickness_px,131.6155606,1112_40x_2
1112,xanthophores_thickness_px,100.2388836,1112_40x_3
1112,xanthophores_thickness_px,141.9163781,1112_40x_4
1112,xanthophores_thickness_px,118.1692607,1112_40x_5
1112,xanthophores_thickness_px,129.0060606,1112_40x_6
1113,tissue_thickness,26.06733627,1113_40x_1
1113,tissue_thickness,26.41794269,1113_40x_2
1113,tissue_thickness,25.48821309,1113_40x_3
1113,tissue_thickness,29.22583152,1113_40x_4
1113,tissue_thickness,28.92188499,1113_40x_5
1113,tissue_thickness,33.94014112,1113_40x_6
1113,collagen_layer_px,0.052258514,1113_40x_1
1113,collagen_layer_px,0.056816412,1113_40x_2
1113,collagen_layer_px,0.047795844,1113_40x_3
1113,collagen_layer_px,0.060807585,1113_40x_4
1113,collagen_layer_px,0.057015132,1113_40x_5
1113,collagen_layer_px,0.051457417,1113_40x_6
1113,iridophores_area_px,1858.959795,1113_40x_1
1113,iridophores_area_px,1873.42126,1113_40x_2
1113,iridophores_area_px,2052.970928,1113_40x_3
1113,iridophores_area_px,1933.047695,1113_40x_4
1113,iridophores_area_px,1721.188215,1113_40x_5
1113,iridophores_area_px,1756.412106,1113_40x_6
1113,iridophores_thickness_px,222.0118185,1113_40x_1
1113,iridophores_thickness_px,208.2908121,1113_40x_2
1113,iridophores_thickness_px,184.8273841,1113_40x_3
1113,iridophores_thickness_px,243.8808661,1113_40x_4
1113,iridophores_thickness_px,200.486307,1113_40x_5
1113,iridophores_thickness_px,232.5028119,1113_40x_6
1113,melanophores_area_px,15629.8975,1113_40x_1
1113,melanophores_area_px,13691.40384,1113_40x_2
1113,melanophores_area_px,14511.29557,1113_40x_3
1113,melanophores_area_px,13150.65801,1113_40x_4
1113,melanophores_area_px,15618.89222,1113_40x_5
1113,melanophores_area_px,12457.85288,1113_40x_6
1113,melanophores_thickness_px,486.4657767,1113_40x_1
1113,melanophores_thickness_px,552.8157881,1113_40x_2
1113,melanophores_thickness_px,536.638391,1113_40x_3
1113,melanophores_thickness_px,588.5031402,1113_40x_4
1113,melanophores_thickness_px,543.2481168,1113_40x_5
1113,melanophores_thickness_px,548.8531778,1113_40x_6
1113,xanthophores_area_px,22603.95,1113_40x_1
1113,xanthophores_area_px,20613.5357,1113_40x_2
1113,xanthophores_area_px,19494.50283,1113_40x_3
1113,xanthophores_area_px,23115.21483,1113_40x_4
1113,xanthophores_area_px,24944.38919,1113_40x_5
1113,xanthophores_area_px,23814.40745,1113_40x_6
1113,xanthophores_thickness_px,149.3867612,1113_40x_1
1113,xanthophores_thickness_px,136.2990058,1113_40x_2
1113,xanthophores_thickness_px,121.1320572,1113_40x_3
1113,xanthophores_thickness_px,143.3045401,1113_40x_4
1113,xanthophores_thickness_px,149.073835,1113_40x_5
1113,xanthophores_thickness_px,147.7017847,1113_40x_6
1114,tissue_thickness,20.45198848,1114_40x_1
1114,tissue_thickness,21.66142688,1114_40x_2
1114,tissue_thickness,19.88169114,1114_40x_3
1114,collagen_layer_px,0,1114_40x_1
1114,collagen_layer_px,0,1114_40x_2
1114,collagen_layer_px,0,1114_40x_3
1114,iridophores_area_px,14543.10518,1114_40x_1
1114,iridophores_area_px,12833.92947,1114_40x_2
1114,iridophores_area_px,14342.93682,1114_40x_3
1114,iridophores_thickness_px,113.2450982,1114_40x_1
1114,iridophores_thickness_px,98.7975075,1114_40x_2
1114,iridophores_thickness_px,116.3374907,1114_40x_3
1114,melanophores_area_px,42885.48183,1114_40x_1
1114,melanophores_area_px,49184.02244,1114_40x_2
1114,melanophores_area_px,37386.37395,1114_40x_3
1114,melanophores_thickness_px,276.2896842,1114_40x_1
1114,melanophores_thickness_px,294.2910184,1114_40x_2
1114,melanophores_thickness_px,305.5509036,1114_40x_3
1114,xanthophores_area_px,51991.86253,1114_40x_1
1114,xanthophores_area_px,40799.23772,1114_40x_2
1114,xanthophores_area_px,47871.62672,1114_40x_3
1114,xanthophores_thickness_px,88.56207587,1114_40x_1
1114,xanthophores_thickness_px,105.3081658,1114_40x_2
1114,xanthophores_thickness_px,87.53115165,1114_40x_3
1116,tissue_thickness,18.37879756,1116_40x_1
1116,tissue_thickness,16.05933162,1116_40x_2
1116,tissue_thickness,17.87902479,1116_40x_3
1116,collagen_layer_px,0.033520811,1116_40x_1
1116,collagen_layer_px,0.039580093,1116_40x_2
1116,collagen_layer_px,0.041420178,1116_40x_3
1116,iridophores_area_px,10329.79577,1116_40x_1
1116,iridophores_area_px,10212.70019,1116_40x_2
1116,iridophores_area_px,9822.843816,1116_40x_3
1116,iridophores_thickness_px,83.17636874,1116_40x_1
1116,iridophores_thickness_px,100.3742119,1116_40x_2
1116,iridophores_thickness_px,102.3395747,1116_40x_3
1116,melanophores_area_px,48083.31182,1116_40x_1
1116,melanophores_area_px,51250.41182,1116_40x_2
1116,melanophores_area_px,48318.23265,1116_40x_3
1116,melanophores_thickness_px,280.4821916,1116_40x_1
1116,melanophores_thickness_px,213.1403578,1116_40x_2
1116,melanophores_thickness_px,248.899576,1116_40x_3
1116,xanthophores_area_px,73246.61444,1116_40x_1
1116,xanthophores_area_px,54937.20729,1116_40x_2
1116,xanthophores_area_px,71276.19576,1116_40x_3
1116,xanthophores_thickness_px,143.5820343,1116_40x_1
1116,xanthophores_thickness_px,160.1922355,1116_40x_2
1116,xanthophores_thickness_px,117.7464729,1116_40x_3
1117,tissue_thickness,7.557371247,1117_40x_1
1117,tissue_thickness,7.966744252,1117_40x_7
1117,tissue_thickness,7.891769136,1117_40x_8
1117,tissue_thickness,8.829903521,1117_40x_4
1117,tissue_thickness,7.217090239,1117_40x_5
1117,tissue_thickness,8.109189142,1117_40x_6
1117,collagen_layer_px,0.042239153,1117_40x_1
1117,collagen_layer_px,0.034367582,1117_40x_7
1117,collagen_layer_px,0.039185317,1117_40x_8
1117,collagen_layer_px,0.039962495,1117_40x_4
1117,collagen_layer_px,0.036351044,1117_40x_5
1117,collagen_layer_px,0.037707285,1117_40x_6
1117,iridophores_area_px,13716.39175,1117_40x_1
1117,iridophores_area_px,14462.77499,1117_40x_7
1117,iridophores_area_px,13196.36828,1117_40x_8
1117,iridophores_area_px,14524.04052,1117_40x_4
1117,iridophores_area_px,13152.3016,1117_40x_5
1117,iridophores_area_px,14246.92283,1117_40x_6
1117,iridophores_thickness_px,27.68275503,1117_40x_1
1117,iridophores_thickness_px,34.51814155,1117_40x_7
1117,iridophores_thickness_px,28.77867305,1117_40x_8
1117,iridophores_thickness_px,33.25004419,1117_40x_4
1117,iridophores_thickness_px,33.72394795,1117_40x_5
1117,iridophores_thickness_px,32.50843824,1117_40x_6
1117,melanophores_area_px,12517.08374,1117_40x_1
1117,melanophores_area_px,11575.28203,1117_40x_7
1117,melanophores_area_px,13122.89404,1117_40x_8
1117,melanophores_area_px,15498.46488,1117_40x_4
1117,melanophores_area_px,14968.20026,1117_40x_5
1117,melanophores_area_px,14044.07506,1117_40x_6
1117,melanophores_thickness_px,88.82043635,1117_40x_1
1117,melanophores_thickness_px,107.9416355,1117_40x_7
1117,melanophores_thickness_px,120.5778505,1117_40x_8
1117,melanophores_thickness_px,95.79248089,1117_40x_4
1117,melanophores_thickness_px,107.1052851,1117_40x_5
1117,melanophores_thickness_px,93.54431166,1117_40x_6
1117,xanthophores_area_px,16206.83741,1117_40x_1
1117,xanthophores_area_px,18691.45914,1117_40x_7
1117,xanthophores_area_px,20127.6999,1117_40x_8
1117,xanthophores_area_px,18050.97498,1117_40x_4
1117,xanthophores_area_px,18033.62217,1117_40x_5
1117,xanthophores_area_px,19505.26504,1117_40x_6
1117,xanthophores_thickness_px,101.4394017,1117_40x_1
1117,xanthophores_thickness_px,96.61737479,1117_40x_7
1117,xanthophores_thickness_px,94.55461674,1117_40x_8
1117,xanthophores_thickness_px,86.76739738,1117_40x_4
1117,xanthophores_thickness_px,98.88020529,1117_40x_5
1117,xanthophores_thickness_px,96.47200404,1117_40x_6
3424,tissue_thickness,6.766099575,3424_40x_1
3424,tissue_thickness,6.597352832,3424_40x_2
3424,tissue_thickness,7.760131479,3424_40x_3
3424,tissue_thickness,8.124826911,3424_40x_4
3424,tissue_thickness,7.389481882,3424_40x_5
3424,tissue_thickness,7.41368594,3424_40x_6
3424,collagen_layer_px,0.035614829,3424_40x_1
3424,collagen_layer_px,0.044179621,3424_40x_2
3424,collagen_layer_px,0.039768596,3424_40x_3
3424,collagen_layer_px,0.042198953,3424_40x_4
3424,collagen_layer_px,0.033411892,3424_40x_5
3424,collagen_layer_px,0.034896402,3424_40x_6
3424,iridophores_area_px,26163.83107,3424_40x_1
3424,iridophores_area_px,21965.83991,3424_40x_2
3424,iridophores_area_px,21622.86305,3424_40x_3
3424,iridophores_area_px,21476.57635,3424_40x_4
3424,iridophores_area_px,24133.42135,3424_40x_5
3424,iridophores_area_px,22065.46829,3424_40x_6
3424,iridophores_thickness_px,29.52882579,3424_40x_1
3424,iridophores_thickness_px,36.51744913,3424_40x_2
3424,iridophores_thickness_px,32.38581732,3424_40x_3
3424,iridophores_thickness_px,41.15472038,3424_40x_4
3424,iridophores_thickness_px,31.92551846,3424_40x_5
3424,iridophores_thickness_px,25.52344476,3424_40x_6
3424,melanophores_area_px,5051.068928,3424_40x_1
3424,melanophores_area_px,4568.460317,3424_40x_2
3424,melanophores_area_px,3820.102663,3424_40x_3
3424,melanophores_area_px,3473.141509,3424_40x_4
3424,melanophores_area_px,3859.248654,3424_40x_5
3424,melanophores_area_px,4360.92923,3424_40x_6
3424,melanophores_thickness_px,82.46304974,3424_40x_1
3424,melanophores_thickness_px,81.93535908,3424_40x_2
3424,melanophores_thickness_px,61.28538865,3424_40x_3
3424,melanophores_thickness_px,73.83486351,3424_40x_4
3424,melanophores_thickness_px,78.7269474,3424_40x_5
3424,melanophores_thickness_px,84.93025656,3424_40x_6
3424,xanthophores_area_px,5273.769231,3424_40x_1
3424,xanthophores_area_px,5567.864963,3424_40x_2
3424,xanthophores_area_px,6335.127226,3424_40x_3
3424,xanthophores_area_px,5493.287898,3424_40x_4
3424,xanthophores_area_px,5358.607015,3424_40x_5
3424,xanthophores_area_px,6138.579562,3424_40x_6
3424,xanthophores_thickness_px,34.88172613,3424_40x_1
3424,xanthophores_thickness_px,35.20717737,3424_40x_2
3424,xanthophores_thickness_px,36.12724704,3424_40x_3
3424,xanthophores_thickness_px,34.2139676,3424_40x_4
3424,xanthophores_thickness_px,32.29386445,3424_40x_5
3424,xanthophores_thickness_px,35.99146541,3424_40x_6
3324,tissue_thickness,6.157081021,3324_40x_1
3324,tissue_thickness,7.207418787,3324_40x_2
3324,tissue_thickness,6.576632498,3324_40x_3
3324,tissue_thickness,7.017594733,3324_40x_4
3324,tissue_thickness,5.980393424,3324_40x_5
3324,tissue_thickness,6.392567055,3324_40x_6
3324,collagen_layer_px,0.037114422,3324_40x_1
3324,collagen_layer_px,0.030330046,3324_40x_2
3324,collagen_layer_px,0.026767995,3324_40x_3
3324,collagen_layer_px,0.033852957,3324_40x_4
3324,collagen_layer_px,0.028546877,3324_40x_5
3324,collagen_layer_px,0.030691551,3324_40x_6
3324,iridophores_area_px,17018.04827,3324_40x_1
3324,iridophores_area_px,17674.10094,3324_40x_2
3324,iridophores_area_px,17773.33613,3324_40x_3
3324,iridophores_area_px,17384.77313,3324_40x_4
3324,iridophores_area_px,17347.89379,3324_40x_5
3324,iridophores_area_px,16471.84772,3324_40x_6
3324,iridophores_thickness_px,28.14674347,3324_40x_1
3324,iridophores_thickness_px,26.97667577,3324_40x_2
3324,iridophores_thickness_px,22.33970905,3324_40x_3
3324,iridophores_thickness_px,25.70841709,3324_40x_4
3324,iridophores_thickness_px,28.29095407,3324_40x_5
3324,iridophores_thickness_px,25.73766176,3324_40x_6
3324,melanophores_area_px,10370.14441,3324_40x_1
3324,melanophores_area_px,12116.6355,3324_40x_2
3324,melanophores_area_px,9025.032014,3324_40x_3
3324,melanophores_area_px,10842.68449,3324_40x_4
3324,melanophores_area_px,11174.92857,3324_40x_5
3324,melanophores_area_px,10034.93214,3324_40x_6
3324,melanophores_thickness_px,112.0648336,3324_40x_1
3324,melanophores_thickness_px,136.3298592,3324_40x_2
3324,melanophores_thickness_px,82.4258522,3324_40x_3
3324,melanophores_thickness_px,104.702134,3324_40x_4
3324,melanophores_thickness_px,132.7011082,3324_40x_5
3324,melanophores_thickness_px,119.1512729,3324_40x_6
3324,xanthophores_area_px,2994.949766,3324_40x_1
3324,xanthophores_area_px,3101.399032,3324_40x_2
3324,xanthophores_area_px,2979.916001,3324_40x_3
3324,xanthophores_area_px,2865.374999,3324_40x_4
3324,xanthophores_area_px,3079.224125,3324_40x_5
3324,xanthophores_area_px,3494.761077,3324_40x_6
3324,xanthophores_thickness_px,37.40122001,3324_40x_1
3324,xanthophores_thickness_px,33.43101729,3324_40x_2
3324,xanthophores_thickness_px,33.83959274,3324_40x_3
3324,xanthophores_thickness_px,32.78517413,3324_40x_4
3324,xanthophores_thickness_px,31.81214011,3324_40x_5
3324,xanthophores_thickness_px,33.49627172,3324_40x_6
3624,tissue_thickness,5.971172677,3624_40x_1
3624,tissue_thickness,4.807897686,3624_40x_2
3624,tissue_thickness,5.06025134,3624_40x_3
3624,tissue_thickness,5.081980712,3624_40x_4
3624,tissue_thickness,4.918207753,3624_40x_5
3624,tissue_thickness,4.706824734,3624_40x_6
3624,collagen_layer_px,0.028228029,3624_40x_1
3624,collagen_layer_px,0.029443446,3624_40x_2
3624,collagen_layer_px,0.025451667,3624_40x_3
3624,collagen_layer_px,0.028113852,3624_40x_4
3624,collagen_layer_px,0.029188786,3624_40x_5
3624,collagen_layer_px,0.029812663,3624_40x_6
3624,iridophores_area_px,6852.031232,3624_40x_1
3624,iridophores_area_px,5776.615771,3624_40x_2
3624,iridophores_area_px,5775.761482,3624_40x_3
3624,iridophores_area_px,6499.905979,3624_40x_4
3624,iridophores_area_px,6663.566556,3624_40x_5
3624,iridophores_area_px,6840.118977,3624_40x_6
3624,iridophores_thickness_px,26.71793063,3624_40x_1
3624,iridophores_thickness_px,26.53780573,3624_40x_2
3624,iridophores_thickness_px,20.68137476,3624_40x_3
3624,iridophores_thickness_px,23.12106067,3624_40x_4
3624,iridophores_thickness_px,21.20672487,3624_40x_5
3624,iridophores_thickness_px,24.13469088,3624_40x_6
3624,melanophores_area_px,2336.552224,3624_40x_1
3624,melanophores_area_px,2373.671223,3624_40x_2
3624,melanophores_area_px,2852.125862,3624_40x_3
3624,melanophores_area_px,2516.870832,3624_40x_4
3624,melanophores_area_px,2513.396407,3624_40x_5
3624,melanophores_area_px,2316.025207,3624_40x_6
3624,melanophores_thickness_px,72.77790012,3624_40x_1
3624,melanophores_thickness_px,66.94507465,3624_40x_2
3624,melanophores_thickness_px,67.51132901,3624_40x_3
3624,melanophores_thickness_px,66.30060745,3624_40x_4
3624,melanophores_thickness_px,69.54216555,3624_40x_5
3624,melanophores_thickness_px,71.12545945,3624_40x_6
3624,xanthophores_area_px,2810.878265,3624_40x_1
3624,xanthophores_area_px,3223.755823,3624_40x_2
3624,xanthophores_area_px,2969.383358,3624_40x_3
3624,xanthophores_area_px,2991.773171,3624_40x_4
3624,xanthophores_area_px,2937.068001,3624_40x_5
3624,xanthophores_area_px,3264.565556,3624_40x_6
3624,xanthophores_thickness_px,44.26803189,3624_40x_1
3624,xanthophores_thickness_px,38.0978657,3624_40x_2
3624,xanthophores_thickness_px,44.41506281,3624_40x_3
3624,xanthophores_thickness_px,36.84810495,3624_40x_4
3624,xanthophores_thickness_px,38.54439574,3624_40x_5
3624,xanthophores_thickness_px,45.03375092,3624_40x_6
3724,tissue_thickness,6.372968773,3724_40x_1
3724,tissue_thickness,5.209108591,3724_40x_2
3724,tissue_thickness,5.651522738,3724_40x_3
3724,tissue_thickness,5.378245619,3724_40x_4
3724,tissue_thickness,5.698769379,3724_40x_5
3724,tissue_thickness,5.999194938,3724_40x_6
3724,collagen_layer_px,0.046118906,3724_40x_1
3724,collagen_layer_px,0.046372494,3724_40x_2
3724,collagen_layer_px,0.046729272,3724_40x_3
3724,collagen_layer_px,0.039855562,3724_40x_4
3724,collagen_layer_px,0.048141413,3724_40x_5
3724,collagen_layer_px,0.038826517,3724_40x_6
3724,iridophores_area_px,9658.320778,3724_40x_1
3724,iridophores_area_px,9791.796281,3724_40x_2
3724,iridophores_area_px,8973.858673,3724_40x_3
3724,iridophores_area_px,8848.369319,3724_40x_4
3724,iridophores_area_px,11305.67969,3724_40x_5
3724,iridophores_area_px,8565.975263,3724_40x_6
3724,iridophores_thickness_px,21.54405759,3724_40x_1
3724,iridophores_thickness_px,21.91224698,3724_40x_2
3724,iridophores_thickness_px,24.56265871,3724_40x_3
3724,iridophores_thickness_px,25.07201494,3724_40x_4
3724,iridophores_thickness_px,20.97680511,3724_40x_5
3724,iridophores_thickness_px,20.76031048,3724_40x_6
3724,melanophores_area_px,3447.463691,3724_40x_1
3724,melanophores_area_px,3634.767523,3724_40x_2
3724,melanophores_area_px,3308.373256,3724_40x_3
3724,melanophores_area_px,3661.611823,3724_40x_4
3724,melanophores_area_px,3810.995597,3724_40x_5
3724,melanophores_area_px,2818.158283,3724_40x_6
3724,melanophores_thickness_px,71.2816788,3724_40x_1
3724,melanophores_thickness_px,68.09954594,3724_40x_2
3724,melanophores_thickness_px,71.7773872,3724_40x_3
3724,melanophores_thickness_px,61.24307096,3724_40x_4
3724,melanophores_thickness_px,60.28225303,3724_40x_5
3724,melanophores_thickness_px,68.24504979,3724_40x_6
3724,xanthophores_area_px,3584.385528,3724_40x_1
3724,xanthophores_area_px,3798.912754,3724_40x_2
3724,xanthophores_area_px,4060.820586,3724_40x_3
3724,xanthophores_area_px,4004.397,3724_40x_4
3724,xanthophores_area_px,3753.659558,3724_40x_5
3724,xanthophores_area_px,3295.391237,3724_40x_6
3724,xanthophores_thickness_px,23.92216142,3724_40x_1
3724,xanthophores_thickness_px,28.56884711,3724_40x_2
3724,xanthophores_thickness_px,24.49743902,3724_40x_3
3724,xanthophores_thickness_px,27.22785188,3724_40x_4
3724,xanthophores_thickness_px,25.18323689,3724_40x_5
3724,xanthophores_thickness_px,27.58242368,3724_40x_6
1102,tissue_thickness,12.46070344,1102_40x_1
1102,tissue_thickness,14.00306885,1102_40x_2
1102,tissue_thickness,18.20964334,1102_40x_3
1102,tissue_thickness,17.58528057,1102_40x_4
1102,tissue_thickness,18.24402828,1102_40x_5
1102,tissue_thickness,18.01727552,1102_40x_6
1102,collagen_layer_px,0.034218525,1102_40x_1
1102,collagen_layer_px,0.034596059,1102_40x_2
1102,collagen_layer_px,0.035473196,1102_40x_3
1102,collagen_layer_px,0.034308729,1102_40x_4
1102,collagen_layer_px,0.044493168,1102_40x_5
1102,collagen_layer_px,0.035709527,1102_40x_6
1102,melanophores_area_px,49817.45121,1102_40x_1
1102,melanophores_area_px,50863.92517,1102_40x_2
1102,melanophores_area_px,58361.38294,1102_40x_3
1102,melanophores_area_px,51260.69106,1102_40x_4
1102,melanophores_area_px,49816.64514,1102_40x_5
1102,melanophores_area_px,51733.9045,1102_40x_6
1102,melanophores_thickness_px,107.6735761,1102_40x_1
1102,melanophores_thickness_px,108.6503837,1102_40x_2
1102,melanophores_thickness_px,114.4937094,1102_40x_3
1102,melanophores_thickness_px,117.2379031,1102_40x_4
1102,melanophores_thickness_px,121.9086,1102_40x_5
1102,melanophores_thickness_px,113.0158277,1102_40x_6
1102,xanthophores_area_px,7919.989338,1102_40x_1
1102,xanthophores_area_px,8193.142505,1102_40x_2
1102,xanthophores_area_px,5621.244505,1102_40x_3
1102,xanthophores_area_px,8670.893186,1102_40x_4
1102,xanthophores_area_px,9427.295065,1102_40x_5
1102,xanthophores_area_px,7403.575401,1102_40x_6
1102,xanthophores_thickness_px,37.632309,1102_40x_1
1102,xanthophores_thickness_px,33.91865854,1102_40x_2
1102,xanthophores_thickness_px,40.71593155,1102_40x_3
1102,xanthophores_thickness_px,35.94164081,1102_40x_4
1102,xanthophores_thickness_px,37.46204814,1102_40x_5
1102,xanthophores_thickness_px,36.80941196,1102_40x_6
1104,tissue_thickness,14.50534849,1104_40x_1
1104,tissue_thickness,15.0753944,1104_40x_2
1104,tissue_thickness,17.60201204,1104_40x_3
1104,tissue_thickness,19.05472008,1104_40x_4
1104,tissue_thickness,16.20074909,1104_40x_5
1104,tissue_thickness,16.3817759,1104_40x_6
1104,collagen_layer_px,0.02696727,1104_40x_1
1104,collagen_layer_px,0.033876745,1104_40x_2
1104,collagen_layer_px,0.039561621,1104_40x_3
1104,collagen_layer_px,0.037443081,1104_40x_4
1104,collagen_layer_px,0.038078231,1104_40x_5
1104,collagen_layer_px,0.032280102,1104_40x_6
1104,melanophores_area_px,37734.72095,1104_40x_1
1104,melanophores_area_px,36582.09304,1104_40x_2
1104,melanophores_area_px,41011.33766,1104_40x_3
1104,melanophores_area_px,38354.54324,1104_40x_4
1104,melanophores_area_px,41143.03958,1104_40x_5
1104,melanophores_area_px,33939.68553,1104_40x_6
1104,melanophores_thickness_px,127.4166106,1104_40x_1
1104,melanophores_thickness_px,123.3665095,1104_40x_2
1104,melanophores_thickness_px,150.1758636,1104_40x_3
1104,melanophores_thickness_px,115.7529512,1104_40x_4
1104,melanophores_thickness_px,119.8495478,1104_40x_5
1104,melanophores_thickness_px,128.1385173,1104_40x_6
1104,xanthophores_area_px,10338.31782,1104_40x_1
1104,xanthophores_area_px,10097.63665,1104_40x_2
1104,xanthophores_area_px,10203.22766,1104_40x_3
1104,xanthophores_area_px,12241.04845,1104_40x_4
1104,xanthophores_area_px,10291.78373,1104_40x_5
1104,xanthophores_area_px,9562.485692,1104_40x_6
1104,xanthophores_thickness_px,44.78426437,1104_40x_1
1104,xanthophores_thickness_px,49.49554781,1104_40x_2
1104,xanthophores_thickness_px,46.58325261,1104_40x_3
1104,xanthophores_thickness_px,46.36309148,1104_40x_4
1104,xanthophores_thickness_px,41.12190517,1104_40x_5
1104,xanthophores_thickness_px,41.77193857,1104_40x_6
1105,tissue_thickness,32.41300569,1105_40x_1
1105,tissue_thickness,25.48437878,1105_40x_2
1105,tissue_thickness,29.3291664,1105_40x_3
1105,collagen_layer_px,0.03017462,1105_40x_1
1105,collagen_layer_px,0.029759295,1105_40x_2
1105,collagen_layer_px,0.037121144,1105_40x_3
1105,iridophores_area_px,970.262147,1105_40x_1
1105,iridophores_area_px,944.2247081,1105_40x_2
1105,iridophores_area_px,1039.095907,1105_40x_3
1105,iridophores_thickness_px,17.63378627,1105_40x_1
1105,iridophores_thickness_px,23.97409413,1105_40x_2
1105,iridophores_thickness_px,19.52796079,1105_40x_3
1105,melanophores_area_px,47876.94809,1105_40x_1
1105,melanophores_area_px,43060.81524,1105_40x_2
1105,melanophores_area_px,40038.27853,1105_40x_3
1105,melanophores_thickness_px,160.4819014,1105_40x_1
1105,melanophores_thickness_px,142.8209439,1105_40x_2
1105,melanophores_thickness_px,134.8360433,1105_40x_3
1105,xanthophores_area_px,4912.022675,1105_40x_1
1105,xanthophores_area_px,5403.323942,1105_40x_2
1105,xanthophores_area_px,5324.985083,1105_40x_3
1105,xanthophores_thickness_px,44.66733523,1105_40x_1
1105,xanthophores_thickness_px,37.75506159,1105_40x_2
1105,xanthophores_thickness_px,36.37156342,1105_40x_3
1106,tissue_thickness,17.63739387,1106_40x_1
1106,tissue_thickness,22.0254359,1106_40x_2
1106,tissue_thickness,16.53314156,1106_40x_3
1106,tissue_thickness,17.59639741,1106_40x_4
1106,tissue_thickness,17.31778864,1106_40x_5
1106,tissue_thickness,19.2579408,1106_40x_6
1106,collagen_layer_px,0.028860287,1106_40x_1
1106,collagen_layer_px,0.029757411,1106_40x_2
1106,collagen_layer_px,0.032565929,1106_40x_3
1106,collagen_layer_px,0.026559671,1106_40x_4
1106,collagen_layer_px,0.034258183,1106_40x_5
1106,collagen_layer_px,0.039182524,1106_40x_6
1106,melanophores_area_px,26215.06621,1106_40x_1
1106,melanophores_area_px,28474.17501,1106_40x_2
1106,melanophores_area_px,25945.46575,1106_40x_3
1106,melanophores_area_px,30275.25661,1106_40x_4
1106,melanophores_area_px,30533.98263,1106_40x_5
1106,melanophores_area_px,27425.18716,1106_40x_6
1106,melanophores_thickness_px,1822.492097,1106_40x_1
1106,melanophores_thickness_px,2002.353097,1106_40x_2
1106,melanophores_thickness_px,2102.727934,1106_40x_3
1106,melanophores_thickness_px,2089.94003,1106_40x_4
1106,melanophores_thickness_px,1970.595017,1106_40x_5
1106,melanophores_thickness_px,1891.345242,1106_40x_6
1106,xanthophores_area_px,5732.420259,1106_40x_1
1106,xanthophores_area_px,5295.196471,1106_40x_2
1106,xanthophores_area_px,5158.18192,1106_40x_3
1106,xanthophores_area_px,5156.461152,1106_40x_4
1106,xanthophores_area_px,5122.21152,1106_40x_5
1106,xanthophores_area_px,5336.928676,1106_40x_6
1106,xanthophores_thickness_px,52.84657188,1106_40x_1
1106,xanthophores_thickness_px,54.22665894,1106_40x_2
1106,xanthophores_thickness_px,50.89056178,1106_40x_3
1106,xanthophores_thickness_px,67.69556633,1106_40x_4
1106,xanthophores_thickness_px,57.60255231,1106_40x_5
1106,xanthophores_thickness_px,54.48907067,1106_40x_6
1107,tissue_thickness,14.37638092,1107_40x_1
1107,tissue_thickness,14.90158136,1107_40x_2
1107,tissue_thickness,14.70645161,1107_40x_3
1107,tissue_thickness,15.24921551,1107_40x_4
1107,tissue_thickness,15.66130062,1107_40x_5
1107,tissue_thickness,14.56506998,1107_40x_6
1107,collagen_layer_px,0.033917203,1107_40x_1
1107,collagen_layer_px,0.030016258,1107_40x_2
1107,collagen_layer_px,0.033997579,1107_40x_3
1107,iridophores_area_px,1957.922876,1107_40x_1
1107,iridophores_area_px,2142.728296,1107_40x_2
1107,iridophores_area_px,1894.209697,1107_40x_3
1107,iridophores_thickness_px,22.7747971,1107_40x_1
1107,iridophores_thickness_px,22.27132891,1107_40x_2
1107,iridophores_thickness_px,20.5002476,1107_40x_3
1107,melanophores_area_px,33086.29234,1107_40x_1
1107,melanophores_area_px,34458.93097,1107_40x_2
1107,melanophores_area_px,41029.76476,1107_40x_3
1107,melanophores_thickness_px,151.8485573,1107_40x_1
1107,melanophores_thickness_px,123.2834484,1107_40x_2
1107,melanophores_thickness_px,144.6873458,1107_40x_3
1107,xanthophores_area_px,7110.262345,1107_40x_1
1107,xanthophores_area_px,7163.14104,1107_40x_2
1107,xanthophores_area_px,8049.042426,1107_40x_3
1107,xanthophores_thickness_px,40.31681106,1107_40x_1
1107,xanthophores_thickness_px,42.2132496,1107_40x_2
1107,xanthophores_thickness_px,44.1440336,1107_40x_3
1108,tissue_thickness,22.96874726,1108_40x_1
1108,tissue_thickness,19.51255361,1108_40x_2
1108,tissue_thickness,27.55551057,1108_40x_3
1108,tissue_thickness,21.74114876,1108_40x_4
1108,tissue_thickness,24.42578169,1108_40x_5
1108,tissue_thickness,23.52018452,1108_40x_6
1108,collagen_layer_px,0.055845792,1108_40x_1
1108,collagen_layer_px,0.050023364,1108_40x_2
1108,collagen_layer_px,0.050250608,1108_40x_3
1108,collagen_layer_px,0.052068695,1108_40x_4
1108,collagen_layer_px,0.052914455,1108_40x_5
1108,collagen_layer_px,0.048604942,1108_40x_6
1108,melanophores_area_px,32931.72775,1108_40x_1
1108,melanophores_area_px,32440.07236,1108_40x_2
1108,melanophores_area_px,27456.24715,1108_40x_3
1108,melanophores_area_px,30982.85967,1108_40x_4
1108,melanophores_area_px,29115.55,1108_40x_5
1108,melanophores_area_px,33359.54308,1108_40x_6
1108,melanophores_thickness_px,1094.671681,1108_40x_1
1108,melanophores_thickness_px,1191.832737,1108_40x_2
1108,melanophores_thickness_px,1196.779777,1108_40x_3
1108,melanophores_thickness_px,1243.430767,1108_40x_4
1108,melanophores_thickness_px,1168.476434,1108_40x_5
1108,melanophores_thickness_px,1175.602942,1108_40x_6
1108,xanthophores_area_px,3151.286534,1108_40x_1
1108,xanthophores_area_px,3025.642261,1108_40x_2
1108,xanthophores_area_px,3485.321818,1108_40x_3
1108,xanthophores_area_px,2903.18697,1108_40x_4
1108,xanthophores_area_px,3373.723176,1108_40x_5
1108,xanthophores_area_px,3414.039238,1108_40x_6
1108,xanthophores_thickness_px,186.4358959,1108_40x_1
1108,xanthophores_thickness_px,185.0216949,1108_40x_2
1108,xanthophores_thickness_px,189.3152308,1108_40x_3
1108,xanthophores_thickness_px,220.1058978,1108_40x_4
1108,xanthophores_thickness_px,150.1797918,1108_40x_5
1108,xanthophores_thickness_px,180.4950927,1108_40x_6
1109,tissue_thickness,20.80024174,1109_40x_1
1109,tissue_thickness,22.29701296,1109_40x_2
1109,tissue_thickness,23.36304918,1109_40x_3
1109,tissue_thickness,21.92659444,1109_40x_4
1109,tissue_thickness,22.36776347,1109_40x_5
1109,tissue_thickness,20.37008257,1109_40x_6
1109,collagen_layer_px,0.0456015,1109_40x_1
1109,collagen_layer_px,0.044143346,1109_40x_2
1109,collagen_layer_px,0.034089738,1109_40x_3
1109,collagen_layer_px,0.039342684,1109_40x_4
1109,collagen_layer_px,0.05038321,1109_40x_5
1109,collagen_layer_px,0.037316742,1109_40x_6
1109,iridophores_area_px,3036.268658,1109_40x_1
1109,iridophores_area_px,2978.552174,1109_40x_2
1109,iridophores_area_px,3235.292872,1109_40x_3
1109,iridophores_area_px,3323.448458,1109_40x_4
1109,iridophores_area_px,3156.801711,1109_40x_5
1109,iridophores_area_px,3631.636127,1109_40x_6
1109,iridophores_thickness_px,136.6069935,1109_40x_1
1109,iridophores_thickness_px,141.9942898,1109_40x_2
1109,iridophores_thickness_px,124.5958598,1109_40x_3
1109,iridophores_thickness_px,155.7329673,1109_40x_4
1109,iridophores_thickness_px,130.811056,1109_40x_5
1109,iridophores_thickness_px,136.9925803,1109_40x_6
1109,melanophores_area_px,28663.25226,1109_40x_1
1109,melanophores_area_px,26268.27285,1109_40x_2
1109,melanophores_area_px,33074.15611,1109_40x_3
1109,melanophores_area_px,34087.65379,1109_40x_4
1109,melanophores_area_px,34132.11373,1109_40x_5
1109,melanophores_area_px,34602.55127,1109_40x_6
1109,melanophores_thickness_px,1623.645099,1109_40x_1
1109,melanophores_thickness_px,1300.950389,1109_40x_2
1109,melanophores_thickness_px,1276.193866,1109_40x_3
1109,melanophores_thickness_px,1290.677981,1109_40x_4
1109,melanophores_thickness_px,1690.536781,1109_40x_5
1109,melanophores_thickness_px,1587.965623,1109_40x_6
1109,xanthophores_area_px,3557.94685,1109_40x_1
1109,xanthophores_area_px,4203.328059,1109_40x_2
1109,xanthophores_area_px,4343.693574,1109_40x_3
1109,xanthophores_area_px,3163.866902,1109_40x_4
1109,xanthophores_area_px,3387.390791,1109_40x_5
1109,xanthophores_area_px,3754.773825,1109_40x_6
1109,xanthophores_thickness_px,102.3542626,1109_40x_1
1109,xanthophores_thickness_px,98.86474432,1109_40x_2
1109,xanthophores_thickness_px,81.42635136,1109_40x_3
1109,xanthophores_thickness_px,94.47753881,1109_40x_4
1109,xanthophores_thickness_px,107.7136522,1109_40x_5
1109,xanthophores_thickness_px,91.52457873,1109_40x_6
112722,tissue_thickness,5.966566207,112722_40x_1
112722,tissue_thickness,5.095621468,112722_40x_2
112722,tissue_thickness,6.134259897,112722_40x_3
112722,tissue_thickness,5.908987277,112722_40x_4
112722,tissue_thickness,5.856611503,112722_40x_5
112722,tissue_thickness,6.134724567,112722_40x_6
112722,collagen_layer_px,0.018147305,112722_40x_1
112722,collagen_layer_px,0.021856273,112722_40x_2
112722,collagen_layer_px,0.021109007,112722_40x_3
112722,collagen_layer_px,0.024388647,112722_40x_4
112722,collagen_layer_px,0.021529487,112722_40x_5
112722,collagen_layer_px,0.023268676,112722_40x_6
112722,iridophores_area_px,13678.632,112722_40x_1
112722,iridophores_area_px,13071.39521,112722_40x_2
112722,iridophores_area_px,16012.60955,112722_40x_3
112722,iridophores_area_px,14523.68033,112722_40x_4
112722,iridophores_area_px,17236.2164,112722_40x_5
112722,iridophores_area_px,13087.46653,112722_40x_6
112722,iridophores_thickness_px,42.66214067,112722_40x_1
112722,iridophores_thickness_px,45.14695934,112722_40x_2
112722,iridophores_thickness_px,47.06355284,112722_40x_3
112722,iridophores_thickness_px,52.40165829,112722_40x_4
112722,iridophores_thickness_px,44.8517422,112722_40x_5
112722,iridophores_thickness_px,45.77894664,112722_40x_6
112722,melanophores_area_px,2426.54598,112722_40x_1
112722,melanophores_area_px,2449.232597,112722_40x_2
112722,melanophores_area_px,2691.610962,112722_40x_3
112722,melanophores_area_px,2476.044954,112722_40x_4
112722,melanophores_area_px,2994.006434,112722_40x_5
112722,melanophores_area_px,2242.783319,112722_40x_6
112722,melanophores_thickness_px,45.62205644,112722_40x_1
112722,melanophores_thickness_px,45.97712759,112722_40x_2
112722,melanophores_thickness_px,40.27383785,112722_40x_3
112722,melanophores_thickness_px,44.07744943,112722_40x_4
112722,melanophores_thickness_px,37.91032013,112722_40x_5
112722,melanophores_thickness_px,40.04726868,112722_40x_6
112722,xanthophores_area_px,4480.271092,112722_40x_1
112722,xanthophores_area_px,3848.423706,112722_40x_2
112722,xanthophores_area_px,4193.347743,112722_40x_3
112722,xanthophores_area_px,4905.126524,112722_40x_4
112722,xanthophores_area_px,4935.386785,112722_40x_5
112722,xanthophores_area_px,3985.015579,112722_40x_6
112722,xanthophores_thickness_px,24.72770683,112722_40x_1
112722,xanthophores_thickness_px,32.73930704,112722_40x_2
112722,xanthophores_thickness_px,27.01518321,112722_40x_3
112722,xanthophores_thickness_px,24.35249404,112722_40x_4
112722,xanthophores_thickness_px,27.39087876,112722_40x_5
112722,xanthophores_thickness_px,29.32505019,112722_40x_6
V646/22,tissue_thickness,13.38370732,V646/22_40x_1
V646/22,tissue_thickness,13.48849121,V646/22_40x_2
V646/22,tissue_thickness,11.68379113,V646/22_40x_3
V646/22,tissue_thickness,14.06558152,V646/22_40x_4
V646/22,tissue_thickness,12.81308338,V646/22_40x_5
V646/22,tissue_thickness,13.22534544,V646/22_40x_6
V646/22,collagen_layer_px,0.06112847,V646/22_40x_1
V646/22,collagen_layer_px,0.074330444,V646/22_40x_2
V646/22,collagen_layer_px,0.062940555,V646/22_40x_3
V646/22,collagen_layer_px,0.065392964,V646/22_40x_4
V646/22,collagen_layer_px,0.065330063,V646/22_40x_5
V646/22,collagen_layer_px,0.061534505,V646/22_40x_6
V646/22,iridophores_area_px,3209.584842,V646/22_40x_1
V646/22,iridophores_area_px,2855.262157,V646/22_40x_2
V646/22,iridophores_area_px,2633.91515,V646/22_40x_3
V646/22,iridophores_area_px,3082.34552,V646/22_40x_4
V646/22,iridophores_area_px,2860.337536,V646/22_40x_5
V646/22,iridophores_area_px,2386.554795,V646/22_40x_6
V646/22,iridophores_thickness_px,46.19342924,V646/22_40x_1
V646/22,iridophores_thickness_px,40.27787283,V646/22_40x_2
V646/22,iridophores_thickness_px,41.66618444,V646/22_40x_3
V646/22,iridophores_thickness_px,38.16675579,V646/22_40x_4
V646/22,iridophores_thickness_px,44.27767415,V646/22_40x_5
V646/22,iridophores_thickness_px,37.39808355,V646/22_40x_6
V646/22,melanophores_area_px,763.6226744,V646/22_40x_1
V646/22,melanophores_area_px,613.0686576,V646/22_40x_2
V646/22,melanophores_area_px,665.0081851,V646/22_40x_3
V646/22,melanophores_area_px,608.455667,V646/22_40x_4
V646/22,melanophores_area_px,731.0991182,V646/22_40x_5
V646/22,melanophores_area_px,641.7530928,V646/22_40x_6
V646/22,melanophores_thickness_px,233.2468971,V646/22_40x_1
V646/22,melanophores_thickness_px,286.0490523,V646/22_40x_2
V646/22,melanophores_thickness_px,213.5989363,V646/22_40x_3
V646/22,melanophores_thickness_px,237.5802327,V646/22_40x_4
V646/22,melanophores_thickness_px,255.7115219,V646/22_40x_5
V646/22,melanophores_thickness_px,297.2316014,V646/22_40x_6
V646/22,xanthophores_area_px,286.1986322,V646/22_40x_1
V646/22,xanthophores_area_px,310.7791379,V646/22_40x_2
V646/22,xanthophores_area_px,269.6583873,V646/22_40x_3
V646/22,xanthophores_area_px,351.7789418,V646/22_40x_4
V646/22,xanthophores_area_px,287.1287116,V646/22_40x_5
V646/22,xanthophores_area_px,318.6139543,V646/22_40x_6
V646/22,xanthophores_thickness_px,122.772961,V646/22_40x_1
V646/22,xanthophores_thickness_px,127.8621802,V646/22_40x_2
V646/22,xanthophores_thickness_px,96.34428541,V646/22_40x_3
V646/22,xanthophores_thickness_px,110.3765671,V646/22_40x_4
V646/22,xanthophores_thickness_px,102.4476959,V646/22_40x_5
V646/22,xanthophores_thickness_px,110.6975428,V646/22_40x_6
V647/22,tissue_thickness,15.70981636,V647/22_40x_1
V647/22,tissue_thickness,17.11129427,V647/22_40x_2
V647/22,tissue_thickness,15.51598247,V647/22_40x_3
V647/22,tissue_thickness,16.88837285,V647/22_40x_4
V647/22,tissue_thickness,16.05764612,V647/22_40x_5
V647/22,tissue_thickness,12.67688792,V647/22_40x_6
V647/22,collagen_layer_px,0.049285591,V647/22_40x_1
V647/22,collagen_layer_px,0.045095728,V647/22_40x_2
V647/22,collagen_layer_px,0.043889923,V647/22_40x_3
V647/22,collagen_layer_px,0.046646657,V647/22_40x_4
V647/22,collagen_layer_px,0.040108743,V647/22_40x_5
V647/22,collagen_layer_px,0.042226559,V647/22_40x_6
V647/22,iridophores_area_px,3374.035934,V647/22_40x_1
V647/22,iridophores_area_px,3356.864903,V647/22_40x_2
V647/22,iridophores_area_px,3316.389564,V647/22_40x_3
V647/22,iridophores_area_px,3183.699534,V647/22_40x_4
V647/22,iridophores_area_px,3190.288865,V647/22_40x_5
V647/22,iridophores_area_px,3489.721199,V647/22_40x_6
V647/22,iridophores_thickness_px,30.70951691,V647/22_40x_1
V647/22,iridophores_thickness_px,32.83495261,V647/22_40x_2
V647/22,iridophores_thickness_px,36.64978478,V647/22_40x_3
V647/22,iridophores_thickness_px,32.47146296,V647/22_40x_4
V647/22,iridophores_thickness_px,31.0046763,V647/22_40x_5
V647/22,iridophores_thickness_px,31.08960643,V647/22_40x_6
V647/22,melanophores_area_px,2645.212161,V647/22_40x_1
V647/22,melanophores_area_px,2795.03003,V647/22_40x_2
V647/22,melanophores_area_px,3392.440149,V647/22_40x_3
V647/22,melanophores_area_px,3676.82099,V647/22_40x_4
V647/22,melanophores_area_px,3162.243004,V647/22_40x_5
V647/22,melanophores_area_px,2900.151779,V647/22_40x_6
V647/22,melanophores_thickness_px,201.0029668,V647/22_40x_1
V647/22,melanophores_thickness_px,165.3413368,V647/22_40x_2
V647/22,melanophores_thickness_px,178.236644,V647/22_40x_3
V647/22,melanophores_thickness_px,206.739373,V647/22_40x_4
V647/22,melanophores_thickness_px,173.6357023,V647/22_40x_5
V647/22,melanophores_thickness_px,189.2592604,V647/22_40x_6
V647/22,xanthophores_area_px,518.07501,V647/22_40x_1
V647/22,xanthophores_area_px,694.7179431,V647/22_40x_2
V647/22,xanthophores_area_px,569.3765536,V647/22_40x_3
V647/22,xanthophores_area_px,664.2221177,V647/22_40x_4
V647/22,xanthophores_area_px,599.3713048,V647/22_40x_5
V647/22,xanthophores_area_px,499.0193221,V647/22_40x_6
V647/22,xanthophores_thickness_px,39.58160369,V647/22_40x_1
V647/22,xanthophores_thickness_px,51.1740443,V647/22_40x_2
V647/22,xanthophores_thickness_px,50.28205044,V647/22_40x_3
V647/22,xanthophores_thickness_px,35.63951148,V647/22_40x_4
V647/22,xanthophores_thickness_px,51.98483336,V647/22_40x_5
V647/22,xanthophores_thickness_px,47.42669955,V647/22_40x_6
3524,tissue_thickness,5.013310988,3524_40x_1
3524,tissue_thickness,5.422617537,3524_40x_2
3524,tissue_thickness,5.548379275,3524_40x_3
3524,tissue_thickness,5.706007834,3524_40x_4
3524,tissue_thickness,4.652976317,3524_40x_5
3524,tissue_thickness,5.622916851,3524_40x_6
3524,collagen_layer_px,0.031689425,3524_40x_1
3524,collagen_layer_px,0.029739926,3524_40x_2
3524,collagen_layer_px,0.029674223,3524_40x_3
3524,collagen_layer_px,0.026144318,3524_40x_4
3524,collagen_layer_px,0.033072752,3524_40x_5
3524,collagen_layer_px,0.03089948,3524_40x_6
3524,iridophores_area_px,2683.326161,3524_40x_1
3524,iridophores_area_px,2515.203887,3524_40x_2
3524,iridophores_area_px,2845.797748,3524_40x_3
3524,iridophores_area_px,2663.075819,3524_40x_4
3524,iridophores_area_px,2922.568929,3524_40x_5
3524,iridophores_area_px,2750.694121,3524_40x_6
3524,iridophores_thickness_px,18.51828585,3524_40x_1
3524,iridophores_thickness_px,20.54094229,3524_40x_2
3524,iridophores_thickness_px,22.19910745,3524_40x_3
3524,iridophores_thickness_px,20.17306383,3524_40x_4
3524,iridophores_thickness_px,21.07224018,3524_40x_5
3524,iridophores_thickness_px,17.18838046,3524_40x_6
3524,melanophores_area_px,3743.105394,3524_40x_1
3524,melanophores_area_px,3371.586453,3524_40x_2
3524,melanophores_area_px,3109.659162,3524_40x_3
3524,melanophores_area_px,4043.449676,3524_40x_4
3524,melanophores_area_px,3175.314818,3524_40x_5
3524,melanophores_area_px,3648.537366,3524_40x_6
3524,melanophores_thickness_px,80.85335615,3524_40x_1
3524,melanophores_thickness_px,78.36055474,3524_40x_2
3524,melanophores_thickness_px,75.86486969,3524_40x_3
3524,melanophores_thickness_px,81.62498722,3524_40x_4
3524,melanophores_thickness_px,85.78180535,3524_40x_5
3524,melanophores_thickness_px,82.54782684,3524_40x_6
3524,xanthophores_area_px,2433.875191,3524_40x_1
3524,xanthophores_area_px,2469.176825,3524_40x_2
3524,xanthophores_area_px,2104.601957,3524_40x_3
3524,xanthophores_area_px,2320.743606,3524_40x_4
3524,xanthophores_area_px,2330.325469,3524_40x_5
3524,xanthophores_area_px,1787.536212,3524_40x_6
3524,xanthophores_thickness_px,27.29179696,3524_40x_1
3524,xanthophores_thickness_px,26.21131011,3524_40x_2
3524,xanthophores_thickness_px,26.18176282,3524_40x_3
3524,xanthophores_thickness_px,27.86840489,3524_40x_4
3524,xanthophores_thickness_px,26.37003024,3524_40x_5
3524,xanthophores_thickness_px,28.85141511,3524_40x_6
3624,tissue_thickness,4.994976694,3624_40x_1
3624,tissue_thickness,5.080840371,3624_40x_2
3624,tissue_thickness,5.789338878,3624_40x_3
3624,tissue_thickness,4.739988155,3624_40x_4
3624,tissue_thickness,4.642001232,3624_40x_5
3624,tissue_thickness,5.299189572,3624_40x_6
3624,collagen_layer_px,0.025893627,3624_40x_1
3624,collagen_layer_px,0.02740193,3624_40x_2
3624,collagen_layer_px,0.031488881,3624_40x_3
3624,collagen_layer_px,0.029667386,3624_40x_4
3624,collagen_layer_px,0.029306466,3624_40x_5
3624,collagen_layer_px,0.027878989,3624_40x_6
3624,iridophores_area_px,3241.451148,3624_40x_1
3624,iridophores_area_px,3324.470808,3624_40x_2
3624,iridophores_area_px,3333.782408,3624_40x_3
3624,iridophores_area_px,3302.362422,3624_40x_4
3624,iridophores_area_px,2619.9919,3624_40x_5
3624,iridophores_area_px,2825.941314,3624_40x_6
3624,iridophores_thickness_px,15.1731172,3624_40x_1
3624,iridophores_thickness_px,19.15382061,3624_40x_2
3624,iridophores_thickness_px,17.15943905,3624_40x_3
3624,iridophores_thickness_px,19.01197499,3624_40x_4
3624,iridophores_thickness_px,16.94011544,3624_40x_5
3624,iridophores_thickness_px,18.55957282,3624_40x_6
3624,melanophores_area_px,3077.643594,3624_40x_1
3624,melanophores_area_px,3039.301856,3624_40x_2
3624,melanophores_area_px,3062.769584,3624_40x_3
3624,melanophores_area_px,3482.343472,3624_40x_4
3624,melanophores_area_px,2794.736634,3624_40x_5
3624,melanophores_area_px,2663.869521,3624_40x_6
3624,melanophores_thickness_px,74.66948316,3624_40x_1
3624,melanophores_thickness_px,88.98149056,3624_40x_2
3624,melanophores_thickness_px,84.02829271,3624_40x_3
3624,melanophores_thickness_px,111.6914896,3624_40x_4
3624,melanophores_thickness_px,96.02635944,3624_40x_5
3624,melanophores_thickness_px,101.5760444,3624_40x_6
3624,xanthophores_area_px,2313.07569,3624_40x_1
3624,xanthophores_area_px,1881.123831,3624_40x_2
3624,xanthophores_area_px,1567.141187,3624_40x_3
3624,xanthophores_area_px,2084.042438,3624_40x_4
3624,xanthophores_area_px,1975.891615,3624_40x_5
3624,xanthophores_area_px,1952.169686,3624_40x_6
3624,xanthophores_thickness_px,25.0217343,3624_40x_1
3624,xanthophores_thickness_px,24.98761316,3624_40x_2
3624,xanthophores_thickness_px,26.35055626,3624_40x_3
3624,xanthophores_thickness_px,21.69193844,3624_40x_4
3624,xanthophores_thickness_px,24.34459733,3624_40x_5
3624,xanthophores_thickness_px,23.23280063,3624_40x_6
3724,tissue_thickness,5.786493997,3724_40x_1
3724,tissue_thickness,5.753352276,3724_40x_2
3724,tissue_thickness,6.09983031,3724_40x_3
3724,tissue_thickness,4.667992964,3724_40x_4
3724,tissue_thickness,6.048842379,3724_40x_5
3724,tissue_thickness,5.953298112,3724_40x_6
3724,collagen_layer_px,0.044802428,3724_40x_1
3724,collagen_layer_px,0.042423156,3724_40x_2
3724,collagen_layer_px,0.044564735,3724_40x_3
3724,collagen_layer_px,0.04572617,3724_40x_4
3724,collagen_layer_px,0.04337514,3724_40x_5
3724,collagen_layer_px,0.045152534,3724_40x_6
3724,iridophores_area_px,3290.810779,3724_40x_1
3724,iridophores_area_px,3196.995055,3724_40x_2
3724,iridophores_area_px,3580.227124,3724_40x_3
3724,iridophores_area_px,3599.196582,3724_40x_4
3724,iridophores_area_px,3457.472148,3724_40x_5
3724,iridophores_area_px,4075.298309,3724_40x_6
3724,iridophores_thickness_px,18.80002753,3724_40x_1
3724,iridophores_thickness_px,21.67339242,3724_40x_2
3724,iridophores_thickness_px,23.66430904,3724_40x_3
3724,iridophores_thickness_px,20.19639136,3724_40x_4
3724,iridophores_thickness_px,17.14995878,3724_40x_5
3724,iridophores_thickness_px,20.18722111,3724_40x_6
3724,melanophores_area_px,4766.272009,3724_40x_1
3724,melanophores_area_px,4431.626152,3724_40x_2
3724,melanophores_area_px,4475.52149,3724_40x_3
3724,melanophores_area_px,4112.523117,3724_40x_4
3724,melanophores_area_px,3834.649168,3724_40x_5
3724,melanophores_area_px,5084.502005,3724_40x_6
3724,melanophores_thickness_px,98.60010635,3724_40x_1
3724,melanophores_thickness_px,92.97500194,3724_40x_2
3724,melanophores_thickness_px,79.25312036,3724_40x_3
3724,melanophores_thickness_px,86.42088565,3724_40x_4
3724,melanophores_thickness_px,92.3772836,3724_40x_5
3724,melanophores_thickness_px,66.20962216,3724_40x_6
3724,xanthophores_area_px,2398.533125,3724_40x_1
3724,xanthophores_area_px,1920.402626,3724_40x_2
3724,xanthophores_area_px,2225.867294,3724_40x_3
3724,xanthophores_area_px,2315.355022,3724_40x_4
3724,xanthophores_area_px,2120.150716,3724_40x_5
3724,xanthophores_area_px,2347.024549,3724_40x_6
3724,xanthophores_thickness_px,31.18301902,3724_40x_1
3724,xanthophores_thickness_px,32.67609269,3724_40x_2
3724,xanthophores_thickness_px,36.16227327,3724_40x_3
3724,xanthophores_thickness_px,36.99044799,3724_40x_4
3724,xanthophores_thickness_px,28.55803972,3724_40x_5
3724,xanthophores_thickness_px,29.97354737,3724_40x_6
113823,tissue_thickness,5.557606443,113823_40x_1
113823,tissue_thickness,6.463091703,113823_40x_2
113823,tissue_thickness,6.518068332,113823_40x_3
113823,tissue_thickness,6.958120979,113823_40x_4
113823,tissue_thickness,6.142710443,113823_40x_5
113823,tissue_thickness,5.948152958,113823_40x_6
113823,collagen_layer_px,0.024650554,113823_40x_1
113823,collagen_layer_px,0.028797222,113823_40x_2
113823,collagen_layer_px,0.029261414,113823_40x_3
113823,collagen_layer_px,0.029576549,113823_40x_4
113823,collagen_layer_px,0.031596147,113823_40x_5
113823,collagen_layer_px,0.023990074,113823_40x_6
113823,iridophores_area_px,1396.493436,113823_40x_1
113823,iridophores_area_px,1481.951866,113823_40x_2
113823,iridophores_area_px,1590.796467,113823_40x_3
113823,iridophores_area_px,1612.606926,113823_40x_4
113823,iridophores_area_px,1731.595418,113823_40x_5
113823,iridophores_area_px,1480.555887,113823_40x_6
113823,iridophores_thickness_px,24.84643772,113823_40x_1
113823,iridophores_thickness_px,18.01079362,113823_40x_2
113823,iridophores_thickness_px,20.61091887,113823_40x_3
113823,iridophores_thickness_px,23.48634267,113823_40x_4
113823,iridophores_thickness_px,21.71967851,113823_40x_5
113823,iridophores_thickness_px,22.73254844,113823_40x_6
113823,melanophores_area_px,2808.41421,113823_40x_1
113823,melanophores_area_px,3099.734835,113823_40x_2
113823,melanophores_area_px,2918.880975,113823_40x_3
113823,melanophores_area_px,3271.009145,113823_40x_4
113823,melanophores_area_px,3194.245068,113823_40x_5
113823,melanophores_area_px,3156.915768,113823_40x_6
113823,melanophores_thickness_px,58.58384251,113823_40x_1
113823,melanophores_thickness_px,68.01060887,113823_40x_2
113823,melanophores_thickness_px,65.02912204,113823_40x_3
113823,melanophores_thickness_px,56.83653615,113823_40x_4
113823,melanophores_thickness_px,63.32424183,113823_40x_5
113823,melanophores_thickness_px,70.50666866,113823_40x_6
113823,xanthophores_area_px,2151.517408,113823_40x_1
113823,xanthophores_area_px,2880.023077,113823_40x_2
113823,xanthophores_area_px,2642.234979,113823_40x_3
113823,xanthophores_area_px,2258.961476,113823_40x_4
113823,xanthophores_area_px,2446.654707,113823_40x_5
113823,xanthophores_area_px,2858.608355,113823_40x_6
113823,xanthophores_thickness_px,25.74590301,113823_40x_1
113823,xanthophores_thickness_px,20.07013144,113823_40x_2
113823,xanthophores_thickness_px,26.13184323,113823_40x_3
113823,xanthophores_thickness_px,22.13802365,113823_40x_4
113823,xanthophores_thickness_px,25.83700138,113823_40x_5
113823,xanthophores_thickness_px,27.22859753,113823_40x_6
V652/22,tissue_thickness,20.32957392,V652/22_40x_1
V652/22,tissue_thickness,17.01541899,V652/22_40x_2
V652/22,tissue_thickness,18.99544071,V652/22_40x_3
V652/22,tissue_thickness,21.34805434,V652/22_40x_4
V652/22,tissue_thickness,16.83876408,V652/22_40x_5
V652/22,tissue_thickness,20.61274797,V652/22_40x_6
V652/22,collagen_layer_px,0.059953055,V652/22_40x_1
V652/22,collagen_layer_px,0.069220249,V652/22_40x_2
V652/22,collagen_layer_px,0.061815348,V652/22_40x_3
V652/22,collagen_layer_px,0.060180081,V652/22_40x_4
V652/22,collagen_layer_px,0.059721329,V652/22_40x_5
V652/22,collagen_layer_px,0.065893139,V652/22_40x_6
V652/22,iridophores_area_px,2967.323789,V652/22_40x_1
V652/22,iridophores_area_px,3268.524238,V652/22_40x_2
V652/22,iridophores_area_px,2759.458067,V652/22_40x_3
V652/22,iridophores_area_px,2939.158861,V652/22_40x_4
V652/22,iridophores_area_px,3072.79891,V652/22_40x_5
V652/22,iridophores_area_px,3762.716134,V652/22_40x_6
V652/22,iridophores_thickness_px,29.58416106,V652/22_40x_1
V652/22,iridophores_thickness_px,34.83016075,V652/22_40x_2
V652/22,iridophores_thickness_px,27.00723251,V652/22_40x_3
V652/22,iridophores_thickness_px,30.27523789,V652/22_40x_4
V652/22,iridophores_thickness_px,29.95435104,V652/22_40x_5
V652/22,iridophores_thickness_px,26.30885676,V652/22_40x_6
V652/22,melanophores_area_px,1984.010392,V652/22_40x_1
V652/22,melanophores_area_px,1457.73582,V652/22_40x_2
V652/22,melanophores_area_px,1394.423513,V652/22_40x_3
V652/22,melanophores_area_px,1489.058121,V652/22_40x_4
V652/22,melanophores_area_px,1390.770338,V652/22_40x_5
V652/22,melanophores_area_px,1473.812824,V652/22_40x_6
V652/22,melanophores_thickness_px,244.3040929,V652/22_40x_1
V652/22,melanophores_thickness_px,241.1731195,V652/22_40x_2
V652/22,melanophores_thickness_px,251.7464366,V652/22_40x_3
V652/22,melanophores_thickness_px,270.4703334,V652/22_40x_4
V652/22,melanophores_thickness_px,265.5508398,V652/22_40x_5
V652/22,melanophores_thickness_px,200.8718583,V652/22_40x_6
V652/22,xanthophores_area_px,366.6426301,V652/22_40x_1
V652/22,xanthophores_area_px,451.8685461,V652/22_40x_2
V652/22,xanthophores_area_px,332.6551361,V652/22_40x_3
V652/22,xanthophores_area_px,492.5541872,V652/22_40x_4
V652/22,xanthophores_area_px,344.8009097,V652/22_40x_5
V652/22,xanthophores_area_px,481.4868079,V652/22_40x_6
V652/22,xanthophores_thickness_px,91.69413515,V652/22_40x_1
V652/22,xanthophores_thickness_px,89.21162489,V652/22_40x_2
V652/22,xanthophores_thickness_px,95.57715337,V652/22_40x_3
V652/22,xanthophores_thickness_px,93.49863296,V652/22_40x_4
V652/22,xanthophores_thickness_px,100.9012631,V652/22_40x_5
V652/22,xanthophores_thickness_px,71.43436394,V652/22_40x_6
V653/22,tissue_thickness,14.98132676,V653/22_40x_1
V653/22,tissue_thickness,16.03304131,V653/22_40x_2
V653/22,tissue_thickness,15.03083428,V653/22_40x_3
V653/22,tissue_thickness,13.04543005,V653/22_40x_4
V653/22,tissue_thickness,12.82873685,V653/22_40x_5
V653/22,tissue_thickness,12.26063075,V653/22_40x_6
V653/22,collagen_layer_px,0.051603736,V653/22_40x_1
V653/22,collagen_layer_px,0.044861425,V653/22_40x_2
V653/22,collagen_layer_px,0.047182421,V653/22_40x_3
V653/22,collagen_layer_px,0.041167435,V653/22_40x_4
V653/22,collagen_layer_px,0.046933072,V653/22_40x_5
V653/22,collagen_layer_px,0.042807111,V653/22_40x_6
V653/22,iridophores_area_px,2201.839876,V653/22_40x_1
V653/22,iridophores_area_px,2365.455204,V653/22_40x_2
V653/22,iridophores_area_px,2121.527235,V653/22_40x_3
V653/22,iridophores_area_px,2164.899205,V653/22_40x_4
V653/22,iridophores_area_px,2375.046693,V653/22_40x_5
V653/22,iridophores_area_px,2147.571786,V653/22_40x_6
V653/22,iridophores_thickness_px,36.48940221,V653/22_40x_1
V653/22,iridophores_thickness_px,36.06630685,V653/22_40x_2
V653/22,iridophores_thickness_px,41.38234504,V653/22_40x_3
V653/22,iridophores_thickness_px,37.98848352,V653/22_40x_4
V653/22,iridophores_thickness_px,34.46102787,V653/22_40x_5
V653/22,iridophores_thickness_px,42.2124345,V653/22_40x_6
V653/22,melanophores_area_px,1240.255466,V653/22_40x_1
V653/22,melanophores_area_px,1459.197422,V653/22_40x_2
V653/22,melanophores_area_px,1150.759144,V653/22_40x_3
V653/22,melanophores_area_px,1222.66558,V653/22_40x_4
V653/22,melanophores_area_px,1348.606648,V653/22_40x_5
V653/22,melanophores_area_px,1422.39413,V653/22_40x_6
V653/22,melanophores_thickness_px,183.6288758,V653/22_40x_1
V653/22,melanophores_thickness_px,198.6820434,V653/22_40x_2
V653/22,melanophores_thickness_px,182.4091337,V653/22_40x_3
V653/22,melanophores_thickness_px,178.5893123,V653/22_40x_4
V653/22,melanophores_thickness_px,185.510548,V653/22_40x_5
V653/22,melanophores_thickness_px,185.39537,V653/22_40x_6
V653/22,xanthophores_area_px,685.668744,V653/22_40x_1
V653/22,xanthophores_area_px,647.8589253,V653/22_40x_2
V653/22,xanthophores_area_px,672.1159716,V653/22_40x_3
V653/22,xanthophores_area_px,734.4385232,V653/22_40x_4
V653/22,xanthophores_area_px,703.2426206,V653/22_40x_5
V653/22,xanthophores_area_px,668.4254208,V653/22_40x_6
V653/22,xanthophores_thickness_px,76.91414269,V653/22_40x_1
V653/22,xanthophores_thickness_px,76.20118099,V653/22_40x_2
V653/22,xanthophores_thickness_px,79.36508036,V653/22_40x_3
V653/22,xanthophores_thickness_px,68.52134669,V653/22_40x_4
V653/22,xanthophores_thickness_px,65.79720979,V653/22_40x_5
V653/22,xanthophores_thickness_px,76.9150904,V653/22_40x_6
V658/22,tissue_thickness,16.6663479,V658/22_40x_1
V658/22,tissue_thickness,18.34360137,V658/22_40x_2
V658/22,tissue_thickness,15.14189375,V658/22_40x_3
V658/22,tissue_thickness,16.29928826,V658/22_40x_4
V658/22,tissue_thickness,12.4326887,V658/22_40x_5
V658/22,tissue_thickness,14.17618002,V658/22_40x_6
V658/22,collagen_layer_px,0.063857291,V658/22_40x_1
V658/22,collagen_layer_px,0.0627918,V658/22_40x_2
V658/22,collagen_layer_px,0.053929763,V658/22_40x_3
V658/22,collagen_layer_px,0.055861131,V658/22_40x_4
V658/22,collagen_layer_px,0.046256673,V658/22_40x_5
V658/22,collagen_layer_px,0.063418141,V658/22_40x_6
V658/22,iridophores_area_px,357.3051201,V658/22_40x_1
V658/22,iridophores_area_px,309.0750377,V658/22_40x_2
V658/22,iridophores_area_px,275.2309765,V658/22_40x_3
V658/22,iridophores_area_px,371.8134541,V658/22_40x_4
V658/22,iridophores_area_px,329.5814004,V658/22_40x_5
V658/22,iridophores_area_px,376.4740111,V658/22_40x_6
V658/22,iridophores_thickness_px,18.37723019,V658/22_40x_1
V658/22,iridophores_thickness_px,19.23237801,V658/22_40x_2
V658/22,iridophores_thickness_px,14.31293245,V658/22_40x_3
V658/22,iridophores_thickness_px,17.40114291,V658/22_40x_4
V658/22,iridophores_thickness_px,18.82301339,V658/22_40x_5
V658/22,iridophores_thickness_px,19.91330305,V658/22_40x_6
V658/22,melanophores_area_px,1022.405437,V658/22_40x_1
V658/22,melanophores_area_px,1122.8666,V658/22_40x_2
V658/22,melanophores_area_px,1100.440533,V658/22_40x_3
V658/22,melanophores_area_px,1025.135323,V658/22_40x_4
V658/22,melanophores_area_px,843.8770164,V658/22_40x_5
V658/22,melanophores_area_px,875.4147789,V658/22_40x_6
V658/22,melanophores_thickness_px,157.7744006,V658/22_40x_1
V658/22,melanophores_thickness_px,157.9451101,V658/22_40x_2
V658/22,melanophores_thickness_px,155.8362561,V658/22_40x_3
V658/22,melanophores_thickness_px,167.5385105,V658/22_40x_4
V658/22,melanophores_thickness_px,167.5467376,V658/22_40x_5
V658/22,melanophores_thickness_px,135.0188043,V658/22_40x_6
V658/22,xanthophores_area_px,313.0107441,V658/22_40x_1
V658/22,xanthophores_area_px,254.6004809,V658/22_40x_2
V658/22,xanthophores_area_px,314.742928,V658/22_40x_3
V658/22,xanthophores_area_px,266.3418412,V658/22_40x_4
V658/22,xanthophores_area_px,250.5426295,V658/22_40x_5
V658/22,xanthophores_area_px,336.1763311,V658/22_40x_6
V658/22,xanthophores_thickness_px,78.52763164,V658/22_40x_1
V658/22,xanthophores_thickness_px,79.4951499,V658/22_40x_2
V658/22,xanthophores_thickness_px,95.70564058,V658/22_40x_3
V658/22,xanthophores_thickness_px,68.05962979,V658/22_40x_4
V658/22,xanthophores_thickness_px,75.54879772,V658/22_40x_5
V658/22,xanthophores_thickness_px,75.95813807,V658/22_40x_6
V659/22,tissue_thickness,16.56508241,V659/22_40x_1
V659/22,tissue_thickness,14.7060614,V659/22_40x_2
V659/22,tissue_thickness,15.81895616,V659/22_40x_3
V659/22,tissue_thickness,12.71342065,V659/22_40x_4
V659/22,tissue_thickness,13.94483216,V659/22_40x_5
V659/22,tissue_thickness,17.09164721,V659/22_40x_6
V659/22,collagen_layer_px,0.045662785,V659/22_40x_1
V659/22,collagen_layer_px,0.041374294,V659/22_40x_2
V659/22,collagen_layer_px,0.041118717,V659/22_40x_3
V659/22,collagen_layer_px,0.049013898,V659/22_40x_4
V659/22,collagen_layer_px,0.044215641,V659/22_40x_5
V659/22,collagen_layer_px,0.042947065,V659/22_40x_6
V659/22,iridophores_area_px,1357.079016,V659/22_40x_1
V659/22,iridophores_area_px,1222.470503,V659/22_40x_2
V659/22,iridophores_area_px,1542.334047,V659/22_40x_3
V659/22,iridophores_area_px,1222.4912,V659/22_40x_4
V659/22,iridophores_area_px,1139.071423,V659/22_40x_5
V659/22,iridophores_area_px,1553.313811,V659/22_40x_6
V659/22,iridophores_thickness_px,23.29169092,V659/22_40x_1
V659/22,iridophores_thickness_px,21.3894025,V659/22_40x_2
V659/22,iridophores_thickness_px,23.59305018,V659/22_40x_3
V659/22,iridophores_thickness_px,21.95297042,V659/22_40x_4
V659/22,iridophores_thickness_px,24.78586321,V659/22_40x_5
V659/22,iridophores_thickness_px,18.24702278,V659/22_40x_6
V659/22,melanophores_area_px,1216.783608,V659/22_40x_1
V659/22,melanophores_area_px,1256.591848,V659/22_40x_2
V659/22,melanophores_area_px,1133.251312,V659/22_40x_3
V659/22,melanophores_area_px,1108.384697,V659/22_40x_4
V659/22,melanophores_area_px,1306.185788,V659/22_40x_5
V659/22,melanophores_area_px,1176.830686,V659/22_40x_6
V659/22,melanophores_thickness_px,189.8922962,V659/22_40x_1
V659/22,melanophores_thickness_px,143.1786214,V659/22_40x_2
V659/22,melanophores_thickness_px,188.3627691,V659/22_40x_3
V659/22,melanophores_thickness_px,182.8831839,V659/22_40x_4
V659/22,melanophores_thickness_px,179.3872514,V659/22_40x_5
V659/22,melanophores_thickness_px,176.2794443,V659/22_40x_6
V659/22,xanthophores_area_px,354.2622683,V659/22_40x_1
V659/22,xanthophores_area_px,321.6169465,V659/22_40x_2
V659/22,xanthophores_area_px,379.9982825,V659/22_40x_3
V659/22,xanthophores_area_px,375.1827239,V659/22_40x_4
V659/22,xanthophores_area_px,370.6548779,V659/22_40x_5
V659/22,xanthophores_area_px,372.4837503,V659/22_40x_6
V659/22,xanthophores_thickness_px,69.77996327,V659/22_40x_1
V659/22,xanthophores_thickness_px,94.61440281,V659/22_40x_2
V659/22,xanthophores_thickness_px,82.87625292,V659/22_40x_3
V659/22,xanthophores_thickness_px,78.87705724,V659/22_40x_4
V659/22,xanthophores_thickness_px,75.24832587,V659/22_40x_5
V659/22,xanthophores_thickness_px,91.61961002,V659/22_40x_6
3024,tissue_thickness,7.042838294,3024_40x_1
3024,tissue_thickness,6.434061604,3024_40x_2
3024,tissue_thickness,6.730547324,3024_40x_3
3024,tissue_thickness,7.861735203,3024_40x_4
3024,tissue_thickness,8.200240196,3024_40x_5
3024,tissue_thickness,8.39143488,3024_40x_6
3024,collagen_layer_px,0.040368838,3024_40x_1
3024,collagen_layer_px,0.04657401,3024_40x_2
3024,collagen_layer_px,0.034798252,3024_40x_3
3024,collagen_layer_px,0.04117274,3024_40x_4
3024,collagen_layer_px,0.03735331,3024_40x_5
3024,collagen_layer_px,0.036948213,3024_40x_6
3024,iridophores_area_px,2032.187755,3024_40x_1
3024,iridophores_area_px,1857.970615,3024_40x_2
3024,iridophores_area_px,2131.328409,3024_40x_3
3024,iridophores_area_px,2291.13595,3024_40x_4
3024,iridophores_area_px,1959.444112,3024_40x_5
3024,iridophores_area_px,1737.93316,3024_40x_6
3024,iridophores_thickness_px,16.97377811,3024_40x_1
3024,iridophores_thickness_px,20.40403411,3024_40x_2
3024,iridophores_thickness_px,18.99854942,3024_40x_3
3024,iridophores_thickness_px,15.70103711,3024_40x_4
3024,iridophores_thickness_px,22.39494722,3024_40x_5
3024,iridophores_thickness_px,18.84303231,3024_40x_6
3024,melanophores_area_px,9231.00703,3024_40x_1
3024,melanophores_area_px,12790.84054,3024_40x_2
3024,melanophores_area_px,9073.294381,3024_40x_3
3024,melanophores_area_px,9677.907151,3024_40x_4
3024,melanophores_area_px,11457.06681,3024_40x_5
3024,melanophores_area_px,11139.15906,3024_40x_6
3024,melanophores_thickness_px,55.097708,3024_40x_1
3024,melanophores_thickness_px,61.89008064,3024_40x_2
3024,melanophores_thickness_px,52.48932223,3024_40x_3
3024,melanophores_thickness_px,61.3523362,3024_40x_4
3024,melanophores_thickness_px,54.29700744,3024_40x_5
3024,melanophores_thickness_px,67.77245232,3024_40x_6
3024,xanthophores_area_px,2236.022937,3024_40x_1
3024,xanthophores_area_px,3226.935262,3024_40x_2
3024,xanthophores_area_px,2551.982626,3024_40x_3
3024,xanthophores_area_px,3140.213949,3024_40x_4
3024,xanthophores_area_px,2806.526996,3024_40x_5
3024,xanthophores_area_px,2782.06823,3024_40x_6
3024,xanthophores_thickness_px,29.79423079,3024_40x_1
3024,xanthophores_thickness_px,31.25466306,3024_40x_2
3024,xanthophores_thickness_px,27.09878719,3024_40x_3
3024,xanthophores_thickness_px,27.18110421,3024_40x_4
3024,xanthophores_thickness_px,27.75597902,3024_40x_5
3024,xanthophores_thickness_px,27.72311574,3024_40x_6
3224,tissue_thickness,7.161953426,3224_40x_1
3224,tissue_thickness,7.002669572,3224_40x_2
3224,tissue_thickness,7.33614204,3224_40x_3
3224,tissue_thickness,5.272379781,3224_40x_4
3224,tissue_thickness,6.898448558,3224_40x_5
3224,tissue_thickness,6.425368083,3224_40x_6
3224,collagen_layer_px,0.043247497,3224_40x_1
3224,collagen_layer_px,0.039266868,3224_40x_2
3224,collagen_layer_px,0.031667857,3224_40x_3
3224,collagen_layer_px,0.04077446,3224_40x_4
3224,collagen_layer_px,0.040488665,3224_40x_5
3224,collagen_layer_px,0.041551107,3224_40x_6
3224,iridophores_area_px,3346.960216,3224_40x_1
3224,iridophores_area_px,2858.191189,3224_40x_2
3224,iridophores_area_px,3002.738214,3224_40x_3
3224,iridophores_area_px,2205.146584,3224_40x_4
3224,iridophores_area_px,3325.676288,3224_40x_5
3224,iridophores_area_px,3203.287507,3224_40x_6
3224,iridophores_thickness_px,16.51069998,3224_40x_1
3224,iridophores_thickness_px,14.57624402,3224_40x_2
3224,iridophores_thickness_px,17.12419184,3224_40x_3
3224,iridophores_thickness_px,17.59128436,3224_40x_4
3224,iridophores_thickness_px,16.78428501,3224_40x_5
3224,iridophores_thickness_px,15.51803318,3224_40x_6
3224,melanophores_area_px,11864.28023,3224_40x_1
3224,melanophores_area_px,12004.18785,3224_40x_2
3224,melanophores_area_px,12448.35249,3224_40x_3
3224,melanophores_area_px,12201.85339,3224_40x_4
3224,melanophores_area_px,11731.69602,3224_40x_5
3224,melanophores_area_px,11612.23993,3224_40x_6
3224,melanophores_thickness_px,52.35629944,3224_40x_1
3224,melanophores_thickness_px,50.48015578,3224_40x_2
3224,melanophores_thickness_px,58.59002633,3224_40x_3
3224,melanophores_thickness_px,49.14844957,3224_40x_4
3224,melanophores_thickness_px,52.73062005,3224_40x_5
3224,melanophores_thickness_px,53.38065343,3224_40x_6
3224,xanthophores_area_px,4201.053434,3224_40x_1
3224,xanthophores_area_px,4089.457356,3224_40x_2
3224,xanthophores_area_px,4149.940616,3224_40x_3
3224,xanthophores_area_px,4152.624748,3224_40x_4
3224,xanthophores_area_px,4232.204901,3224_40x_5
3224,xanthophores_area_px,3933.290377,3224_40x_6
3224,xanthophores_thickness_px,32.97068099,3224_40x_1
3224,xanthophores_thickness_px,26.93009813,3224_40x_2
3224,xanthophores_thickness_px,29.06653107,3224_40x_3
3224,xanthophores_thickness_px,26.40498878,3224_40x_4
3224,xanthophores_thickness_px,24.5494315,3224_40x_5
3224,xanthophores_thickness_px,24.32916952,3224_40x_6
1118,tissue_thickness,18.50609682,1118_40x_1
1118,tissue_thickness,20.83321434,1118_40x_2
1118,tissue_thickness,17.22392853,1118_40x_3
1118,tissue_thickness,18.82898961,1118_40x_4
1118,tissue_thickness,18.60272805,1118_40x_5
1118,tissue_thickness,13.88504265,1118_40x_6
1118,collagen_layer_px,0.002777697,1118_40x_1
1118,collagen_layer_px,0.002808013,1118_40x_2
1118,collagen_layer_px,0.002762797,1118_40x_3
1118,collagen_layer_px,0.002394695,1118_40x_4
1118,collagen_layer_px,0.002499215,1118_40x_5
1118,collagen_layer_px,0.00273557,1118_40x_6
1118,iridophores_area_px,254.2895491,1118_40x_1
1118,iridophores_area_px,274.2382903,1118_40x_2
1118,iridophores_area_px,221.826897,1118_40x_3
1118,iridophores_area_px,248.828975,1118_40x_4
1118,iridophores_area_px,254.7057377,1118_40x_5
1118,iridophores_area_px,182.6305509,1118_40x_6
1118,iridophores_thickness_px,22.69777083,1118_40x_1
1118,iridophores_thickness_px,22.39728404,1118_40x_2
1118,iridophores_thickness_px,22.16660041,1118_40x_3
1118,iridophores_thickness_px,17.09436533,1118_40x_4
1118,iridophores_thickness_px,18.46835776,1118_40x_5
1118,iridophores_thickness_px,22.93562163,1118_40x_6
1118,melanophores_area_px,59334.97105,1118_40x_1
1118,melanophores_area_px,62991.12572,1118_40x_2
1118,melanophores_area_px,51650.72575,1118_40x_3
1118,melanophores_area_px,62057.55786,1118_40x_4
1118,melanophores_area_px,52917.58599,1118_40x_5
1118,melanophores_area_px,69092.03364,1118_40x_6
1118,melanophores_thickness_px,76.3300687,1118_40x_1
1118,melanophores_thickness_px,86.22035536,1118_40x_2
1118,melanophores_thickness_px,74.61069792,1118_40x_3
1118,melanophores_thickness_px,72.6356234,1118_40x_4
1118,melanophores_thickness_px,88.40237163,1118_40x_5
1118,melanophores_thickness_px,71.06088299,1118_40x_6
1118,xanthophores_area_px,4503.418551,1118_40x_1
1118,xanthophores_area_px,3771.720436,1118_40x_2
1118,xanthophores_area_px,4773.138832,1118_40x_3
1118,xanthophores_area_px,4873.31937,1118_40x_4
1118,xanthophores_area_px,5203.557596,1118_40x_5
1118,xanthophores_area_px,4504.365215,1118_40x_6
1118,xanthophores_thickness_px,35.92400823,1118_40x_1
1118,xanthophores_thickness_px,32.79595258,1118_40x_2
1118,xanthophores_thickness_px,37.23083997,1118_40x_3
1118,xanthophores_thickness_px,37.8992557,1118_40x_4
1118,xanthophores_thickness_px,38.35816067,1118_40x_5
1118,xanthophores_thickness_px,36.61178284,1118_40x_6
1119,tissue_thickness,21.75822305,1119_40x_1
1119,tissue_thickness,19.8073653,1119_40x_2
1119,tissue_thickness,23.94302361,1119_40x_3
1119,tissue_thickness,25.39356168,1119_40x_4
1119,tissue_thickness,25.57281725,1119_40x_5
1119,tissue_thickness,20.9850091,1119_40x_6
1119,collagen_layer_px,0.002959346,1119_40x_1
1119,collagen_layer_px,0.003544101,1119_40x_2
1119,collagen_layer_px,0.003540472,1119_40x_3
1119,collagen_layer_px,0.003502109,1119_40x_4
1119,collagen_layer_px,0.003371317,1119_40x_5
1119,collagen_layer_px,0.003441705,1119_40x_6
1119,iridophores_area_px,1443.76276,1119_40x_1
1119,iridophores_area_px,1391.202379,1119_40x_2
1119,iridophores_area_px,1399.928657,1119_40x_3
1119,iridophores_area_px,1601.725471,1119_40x_4
1119,iridophores_area_px,1577.239146,1119_40x_5
1119,iridophores_area_px,1329.641588,1119_40x_6
1119,iridophores_thickness_px,42.72083049,1119_40x_1
1119,iridophores_thickness_px,48.33245333,1119_40x_2
1119,iridophores_thickness_px,41.87210334,1119_40x_3
1119,iridophores_thickness_px,32.85908179,1119_40x_4
1119,iridophores_thickness_px,47.83334552,1119_40x_5
1119,iridophores_thickness_px,42.70218552,1119_40x_6
1119,melanophores_area_px,30783.66978,1119_40x_1
1119,melanophores_area_px,23663.56618,1119_40x_2
1119,melanophores_area_px,24274.34267,1119_40x_3
1119,melanophores_area_px,23601.96901,1119_40x_4
1119,melanophores_area_px,25290.63423,1119_40x_5
1119,melanophores_area_px,18523.8181,1119_40x_6
1119,melanophores_thickness_px,171.6221249,1119_40x_1
1119,melanophores_thickness_px,182.6660961,1119_40x_2
1119,melanophores_thickness_px,204.9136973,1119_40x_3
1119,melanophores_thickness_px,168.1195477,1119_40x_4
1119,melanophores_thickness_px,177.1299942,1119_40x_5
1119,melanophores_thickness_px,158.2685398,1119_40x_6
1119,xanthophores_area_px,7942.786232,1119_40x_1
1119,xanthophores_area_px,7369.43289,1119_40x_2
1119,xanthophores_area_px,8467.344892,1119_40x_3
1119,xanthophores_area_px,8018.29333,1119_40x_4
1119,xanthophores_area_px,8140.576195,1119_40x_5
1119,xanthophores_area_px,7873.586462,1119_40x_6
1119,xanthophores_thickness_px,75.80049895,1119_40x_1
1119,xanthophores_thickness_px,70.11333408,1119_40x_2
1119,xanthophores_thickness_px,60.96946282,1119_40x_3
1119,xanthophores_thickness_px,55.47613195,1119_40x_4
1119,xanthophores_thickness_px,54.8073167,1119_40x_5
1119,xanthophores_thickness_px,66.77325551,1119_40x_6
1120,tissue_thickness,15.08709294,1120_40x_1
1120,tissue_thickness,14.1145566,1120_40x_2
1120,tissue_thickness,14.39645395,1120_40x_3
1120,tissue_thickness,19.93319221,1120_40x_4
1120,tissue_thickness,14.9191393,1120_40x_5
1120,tissue_thickness,13.049565,1120_40x_6
1120,collagen_layer_px,0.002108594,1120_40x_1
1120,collagen_layer_px,0.002346362,1120_40x_2
1120,collagen_layer_px,0.002011983,1120_40x_3
1120,collagen_layer_px,0.002470801,1120_40x_4
1120,collagen_layer_px,0.002051947,1120_40x_5
1120,collagen_layer_px,0.002562279,1120_40x_6
1120,iridophores_area_px,2344.21286,1120_40x_1
1120,iridophores_area_px,2188.680155,1120_40x_2
1120,iridophores_area_px,2290.797358,1120_40x_3
1120,iridophores_area_px,2078.193856,1120_40x_4
1120,iridophores_area_px,1909.499628,1120_40x_5
1120,iridophores_area_px,1926.616142,1120_40x_6
1120,iridophores_thickness_px,18.99183095,1120_40x_1
1120,iridophores_thickness_px,21.00356838,1120_40x_2
1120,iridophores_thickness_px,23.23451555,1120_40x_3
1120,iridophores_thickness_px,20.91897252,1120_40x_4
1120,iridophores_thickness_px,21.66881968,1120_40x_5
1120,iridophores_thickness_px,23.54229293,1120_40x_6
1120,melanophores_area_px,16024.46347,1120_40x_1
1120,melanophores_area_px,25950.07841,1120_40x_2
1120,melanophores_area_px,24392.69204,1120_40x_3
1120,melanophores_area_px,24873.59332,1120_40x_4
1120,melanophores_area_px,25634.92822,1120_40x_5
1120,melanophores_area_px,23018.74455,1120_40x_6
1120,melanophores_thickness_px,95.09299461,1120_40x_1
1120,melanophores_thickness_px,93.65670291,1120_40x_2
1120,melanophores_thickness_px,71.43548347,1120_40x_3
1120,melanophores_thickness_px,79.12478754,1120_40x_4
1120,melanophores_thickness_px,84.93122209,1120_40x_5
1120,melanophores_thickness_px,96.37880938,1120_40x_6
1120,xanthophores_area_px,5389.251211,1120_40x_1
1120,xanthophores_area_px,4435.83868,1120_40x_2
1120,xanthophores_area_px,4437.826082,1120_40x_3
1120,xanthophores_area_px,4908.030236,1120_40x_4
1120,xanthophores_area_px,5622.525441,1120_40x_5
1120,xanthophores_area_px,4516.70835,1120_40x_6
1120,xanthophores_thickness_px,42.73119459,1120_40x_1
1120,xanthophores_thickness_px,45.80713751,1120_40x_2
1120,xanthophores_thickness_px,33.75896166,1120_40x_3
1120,xanthophores_thickness_px,52.69990985,1120_40x_4
1120,xanthophores_thickness_px,47.47491646,1120_40x_5
1120,xanthophores_thickness_px,41.22787992,1120_40x_6
1121,tissue_thickness,23.35062922,1121_40x_1
1121,tissue_thickness,24.02317482,1121_40x_2
1121,tissue_thickness,24.17952978,1121_40x_3
1121,tissue_thickness,24.5710347,1121_40x_4
1121,tissue_thickness,25.59843267,1121_40x_5
1121,tissue_thickness,21.31719881,1121_40x_6
1121,collagen_layer_px,0.003582558,1121_40x_1
1121,collagen_layer_px,0.003318557,1121_40x_2
1121,collagen_layer_px,0.003282133,1121_40x_3
1121,collagen_layer_px,0.003737461,1121_40x_4
1121,collagen_layer_px,0.003657251,1121_40x_5
1121,collagen_layer_px,0.003607536,1121_40x_6
1121,iridophores_area_px,980.0994895,1121_40x_1
1121,iridophores_area_px,1186.320121,1121_40x_2
1121,iridophores_area_px,944.8988679,1121_40x_3
1121,iridophores_area_px,1378.526989,1121_40x_4
1121,iridophores_area_px,1149.034297,1121_40x_5
1121,iridophores_area_px,1326.460236,1121_40x_6
1121,iridophores_thickness_px,21.25630337,1121_40x_1
1121,iridophores_thickness_px,17.8205418,1121_40x_2
1121,iridophores_thickness_px,18.71312499,1121_40x_3
1121,iridophores_thickness_px,20.50236301,1121_40x_4
1121,iridophores_thickness_px,16.24981149,1121_40x_5
1121,iridophores_thickness_px,17.23785535,1121_40x_6
1121,melanophores_area_px,14899.45148,1121_40x_1
1121,melanophores_area_px,10038.78622,1121_40x_2
1121,melanophores_area_px,11608.64784,1121_40x_3
1121,melanophores_area_px,12721.6343,1121_40x_4
1121,melanophores_area_px,11241.70351,1121_40x_5
1121,melanophores_area_px,13062.07666,1121_40x_6
1121,melanophores_thickness_px,96.93449942,1121_40x_1
1121,melanophores_thickness_px,99.08055876,1121_40x_2
1121,melanophores_thickness_px,92.4457538,1121_40x_3
1121,melanophores_thickness_px,90.37232528,1121_40x_4
1121,melanophores_thickness_px,93.23496862,1121_40x_5
1121,melanophores_thickness_px,94.93189413,1121_40x_6
1121,xanthophores_area_px,6850.878696,1121_40x_1
1121,xanthophores_area_px,5880.296039,1121_40x_2
1121,xanthophores_area_px,8508.791627,1121_40x_3
1121,xanthophores_area_px,8169.545862,1121_40x_4
1121,xanthophores_area_px,7029.632536,1121_40x_5
1121,xanthophores_area_px,7724.99524,1121_40x_6
1121,xanthophores_thickness_px,52.64699158,1121_40x_1
1121,xanthophores_thickness_px,46.57028754,1121_40x_2
1121,xanthophores_thickness_px,55.15998049,1121_40x_3
1121,xanthophores_thickness_px,53.83674436,1121_40x_4
1121,xanthophores_thickness_px,57.9182143,1121_40x_5
1121,xanthophores_thickness_px,47.12778173,1121_40x_6
1122,tissue_thickness,18.12906869,1122_40x_1
1122,tissue_thickness,19.86730265,1122_40x_2
1122,tissue_thickness,22.06368778,1122_40x_3
1122,tissue_thickness,23.36405055,1122_40x_4
1122,tissue_thickness,16.51262697,1122_40x_5
1122,tissue_thickness,23.36326337,1122_40x_6
1122,collagen_layer_px,0.0029815,1122_40x_1
1122,collagen_layer_px,0.003327431,1122_40x_2
1122,collagen_layer_px,0.003059129,1122_40x_3
1122,collagen_layer_px,0.003272716,1122_40x_4
1122,collagen_layer_px,0.002710506,1122_40x_5
1122,collagen_layer_px,0.002910546,1122_40x_6
1122,iridophores_area_px,1904.16436,1122_40x_1
1122,iridophores_area_px,2157.300873,1122_40x_2
1122,iridophores_area_px,2441.142754,1122_40x_3
1122,iridophores_area_px,2160.764023,1122_40x_4
1122,iridophores_area_px,2141.761021,1122_40x_5
1122,iridophores_area_px,2232.386968,1122_40x_6
1122,iridophores_thickness_px,26.03600035,1122_40x_1
1122,iridophores_thickness_px,27.61939614,1122_40x_2
1122,iridophores_thickness_px,30.12216681,1122_40x_3
1122,iridophores_thickness_px,27.73201482,1122_40x_4
1122,iridophores_thickness_px,28.07012707,1122_40x_5
1122,iridophores_thickness_px,26.68029482,1122_40x_6
1122,melanophores_area_px,97980.32621,1122_40x_1
1122,melanophores_area_px,100935.1547,1122_40x_2
1122,melanophores_area_px,92272.90226,1122_40x_3
1122,melanophores_area_px,110506.6897,1122_40x_4
1122,melanophores_area_px,92835.44303,1122_40x_5
1122,melanophores_area_px,84034.48402,1122_40x_6
1122,melanophores_thickness_px,102.6861956,1122_40x_1
1122,melanophores_thickness_px,105.6502869,1122_40x_2
1122,melanophores_thickness_px,99.54118516,1122_40x_3
1122,melanophores_thickness_px,94.2863825,1122_40x_4
1122,melanophores_thickness_px,116.538631,1122_40x_5
1122,melanophores_thickness_px,100.5573189,1122_40x_6
1122,xanthophores_area_px,18860.96152,1122_40x_1
1122,xanthophores_area_px,18363.20924,1122_40x_2
1122,xanthophores_area_px,21576.93967,1122_40x_3
1122,xanthophores_area_px,22452.73714,1122_40x_4
1122,xanthophores_area_px,21042.92891,1122_40x_5
1122,xanthophores_area_px,18566.74352,1122_40x_6
1122,xanthophores_thickness_px,68.55006354,1122_40x_1
1122,xanthophores_thickness_px,51.87648078,1122_40x_2
1122,xanthophores_thickness_px,58.41548499,1122_40x_3
1122,xanthophores_thickness_px,56.24720857,1122_40x_4
1122,xanthophores_thickness_px,58.00838962,1122_40x_5
1122,xanthophores_thickness_px,69.1223725,1122_40x_6
1124,tissue_thickness,21.77255879,1124_40x_1
1124,tissue_thickness,19.29877063,1124_40x_2
1124,tissue_thickness,20.75476114,1124_40x_3
1124,tissue_thickness,23.22653612,1124_40x_4
1124,tissue_thickness,23.78407394,1124_40x_5
1124,collagen_layer_px,0.003125945,1124_40x_1
1124,collagen_layer_px,0.003211712,1124_40x_2
1124,collagen_layer_px,0.003233803,1124_40x_3
1124,collagen_layer_px,0.002742517,1124_40x_4
1124,collagen_layer_px,0.00246692,1124_40x_5
1124,iridophores_area_px,5006.204637,1124_40x_1
1124,iridophores_area_px,5651.706497,1124_40x_2
1124,iridophores_area_px,5187.331738,1124_40x_3
1124,iridophores_area_px,4440.876162,1124_40x_4
1124,iridophores_area_px,5404.281019,1124_40x_5
1124,iridophores_thickness_px,17.75119552,1124_40x_1
1124,iridophores_thickness_px,13.99103932,1124_40x_2
1124,iridophores_thickness_px,17.4285891,1124_40x_3
1124,iridophores_thickness_px,16.98259001,1124_40x_4
1124,iridophores_thickness_px,16.91139301,1124_40x_5
1124,melanophores_area_px,102462.1423,1124_40x_1
1124,melanophores_area_px,77709.28882,1124_40x_2
1124,melanophores_area_px,97375.45393,1124_40x_3
1124,melanophores_area_px,99797.74919,1124_40x_4
1124,melanophores_area_px,81097.27222,1124_40x_5
1124,melanophores_thickness_px,148.2416534,1124_40x_1
1124,melanophores_thickness_px,162.6625254,1124_40x_2
1124,melanophores_thickness_px,146.082726,1124_40x_3
1124,melanophores_thickness_px,154.0506197,1124_40x_4
1124,melanophores_thickness_px,166.3499936,1124_40x_5
1124,xanthophores_area_px,23797.44399,1124_40x_1
1124,xanthophores_area_px,25973.19247,1124_40x_2
1124,xanthophores_area_px,29624.65588,1124_40x_3
1124,xanthophores_area_px,29310.28752,1124_40x_4
1124,xanthophores_area_px,29137.70918,1124_40x_5
1124,xanthophores_thickness_px,60.86410705,1124_40x_1
1124,xanthophores_thickness_px,52.9698357,1124_40x_2
1124,xanthophores_thickness_px,58.47699197,1124_40x_3
1124,xanthophores_thickness_px,59.56250591,1124_40x_4
1124,xanthophores_thickness_px,61.97946164,1124_40x_5
