Spectral,Histological,r,p,n,morph,abs_r,p_adj_BH,sig_stars,pass_threshold
S1G,xanthophore_thickness_nm,-0.642396682,0.000712411,24,Red,0.642396682,0.035620558,***,TRUE
S1G,rel_xanth,-0.587845206,0.002520764,24,Red,0.587845206,0.063019092,**,TRUE
B3,melanophores_thickness_nm,0.471615006,0.01998917,24,Red,0.471615006,0.333152841,*,TRUE
S1G,xanthophores_area_nm2,-0.450019265,0.027346667,24,Red,0.450019265,0.341833339,*,TRUE
S1V,collagen_layer_nm,0.52473773,0.012165016,22,Green,0.52473773,0.30412539,*,TRUE
S1G,collagen_layer_nm,-0.527318123,0.011672333,22,Green,0.527318123,0.30412539,*,TRUE
B3,melanophores_thickness_nm,-0.466761728,0.028528957,22,Green,0.466761728,0.475482614,*,TRUE
S9,melanophores_thickness_nm,0.439356901,0.040770341,22,Green,0.439356901,0.509629265,*,TRUE
B3,collagen_layer_nm,0.328028122,0.117611985,24,Red,0.328028122,0.634695128,,FALSE
S9,collagen_layer_nm,-0.308352066,0.14265748,24,Red,0.308352066,0.648443089,,FALSE
S1V,collagen_layer_nm,0.253139557,0.232680188,24,Red,0.253139557,0.779396101,,FALSE
S1G,collagen_layer_nm,-0.016222482,0.940027196,24,Red,0.016222482,0.985539099,,FALSE
S1R,collagen_layer_nm,-0.256585592,0.22616594,24,Red,0.256585592,0.779396101,,FALSE
B3,iridophores_area_nm2,-0.071978693,0.738204664,24,Red,0.071978693,0.985539099,,FALSE
S9,iridophores_area_nm2,-0.003908405,0.985539099,24,Red,0.003908405,0.985539099,,FALSE
S1V,iridophores_area_nm2,0.198858284,0.351571,24,Red,0.198858284,0.985539099,,FALSE
S1G,iridophores_area_nm2,-0.115711422,0.590286724,24,Red,0.115711422,0.985539099,,FALSE
S1R,iridophores_area_nm2,-0.094330978,0.661070632,24,Red,0.094330978,0.985539099,,FALSE
B3,iridophores_thickness_nm,0.391749445,0.05833258,24,Red,0.391749445,0.5833258,,FALSE
S9,iridophores_thickness_nm,0.101496274,0.63699379,24,Red,0.101496274,0.985539099,,FALSE
S1V,iridophores_thickness_nm,0.014888195,0.944952302,24,Red,0.014888195,0.985539099,,FALSE
S1G,iridophores_thickness_nm,-0.337975583,0.10624791,24,Red,0.337975583,0.634695128,,FALSE
S1R,iridophores_thickness_nm,0.052980428,0.805785457,24,Red,0.052980428,0.985539099,,FALSE
B3,melanophores_area_nm2,0.133695615,0.53340717,24,Red,0.133695615,0.985539099,,FALSE
S9,melanophores_area_nm2,0.031273553,0.884659788,24,Red,0.031273553,0.985539099,,FALSE
S1V,melanophores_area_nm2,0.022930417,0.915302786,24,Red,0.022930417,0.985539099,,FALSE
S1G,melanophores_area_nm2,-0.138407589,0.51894365,24,Red,0.138407589,0.985539099,,FALSE
S1R,melanophores_area_nm2,-0.031898658,0.88236979,24,Red,0.031898658,0.985539099,,FALSE
S9,melanophores_thickness_nm,0.113181644,0.598490972,24,Red,0.113181644,0.985539099,,FALSE
S1V,melanophores_thickness_nm,-0.084140256,0.695877843,24,Red,0.084140256,0.985539099,,FALSE
S1G,melanophores_thickness_nm,-0.218310252,0.305442251,24,Red,0.218310252,0.954507035,,FALSE
S1R,melanophores_thickness_nm,0.109023769,0.612078557,24,Red,0.109023769,0.985539099,,FALSE
B3,xanthophores_area_nm2,0.188363398,0.378071717,24,Red,0.188363398,0.985539099,,FALSE
S9,xanthophores_area_nm2,0.052750059,0.806614329,24,Red,0.052750059,0.985539099,,FALSE
S1V,xanthophores_area_nm2,0.052103455,0.808941901,24,Red,0.052103455,0.985539099,,FALSE
S1R,xanthophores_area_nm2,0.065932922,0.75953305,24,Red,0.065932922,0.985539099,,FALSE
B3,xanthophore_thickness_nm,0.375616162,0.07048273,24,Red,0.375616162,0.58735608,,FALSE
S9,xanthophore_thickness_nm,-0.006222306,0.976979579,24,Red,0.006222306,0.985539099,,FALSE
S1V,xanthophore_thickness_nm,0.157692695,0.461781734,24,Red,0.157692695,0.985539099,,FALSE
S1R,xanthophore_thickness_nm,-0.009173877,0.966064907,24,Red,0.009173877,0.985539099,,FALSE
B3,rel_xanth,0.32037589,0.126939026,24,Red,0.32037589,0.634695128,,FALSE
S9,rel_xanth,0.05075066,0.813816603,24,Red,0.05075066,0.985539099,,FALSE
S1V,rel_xanth,0.076739749,0.721538574,24,Red,0.076739749,0.985539099,,FALSE
S1R,rel_xanth,0.082046607,0.703106046,24,Red,0.082046607,0.985539099,,FALSE
B3,rel_melan,0.105693506,0.623052088,24,Red,0.105693506,0.985539099,,FALSE
S9,rel_melan,-0.128697004,0.548954556,24,Red,0.128697004,0.985539099,,FALSE
S1V,rel_melan,0.026356517,0.902702644,24,Red,0.026356517,0.985539099,,FALSE
S1G,rel_melan,0.269194047,0.203368857,24,Red,0.269194047,0.779396101,,FALSE
S1R,rel_melan,-0.147214096,0.492427289,24,Red,0.147214096,0.985539099,,FALSE
B3,rel_irid,-0.337186022,0.10711914,24,Red,0.337186022,0.634695128,,FALSE
S9,rel_irid,0.061570447,0.775030404,24,Red,0.061570447,0.985539099,,FALSE
S1V,rel_irid,-0.081588278,0.704691761,24,Red,0.081588278,0.985539099,,FALSE
S1G,rel_irid,0.252543783,0.23381883,24,Red,0.252543783,0.779396101,,FALSE
S1R,rel_irid,0.051434551,0.811351399,24,Red,0.051434551,0.985539099,,FALSE
B3,collagen_layer_nm,-0.145570646,0.518027764,22,Green,0.145570646,0.782822702,,FALSE
S9,collagen_layer_nm,-0.257554479,0.24720092,22,Green,0.257554479,0.616476509,,FALSE
S1R,collagen_layer_nm,-0.171578373,0.445173494,22,Green,0.171578373,0.782822702,,FALSE
B3,iridophores_area_nm2,-0.112909397,0.616875479,22,Green,0.112909397,0.803165541,,FALSE
S9,iridophores_area_nm2,-0.337814811,0.124143591,22,Green,0.337814811,0.527842835,,FALSE
S1V,iridophores_area_nm2,0.35486802,0.105110148,22,Green,0.35486802,0.527842835,,FALSE
S1G,iridophores_area_nm2,-0.384782459,0.077019444,22,Green,0.384782459,0.527842835,,FALSE
S1R,iridophores_area_nm2,-0.297029308,0.179466564,22,Green,0.297029308,0.527842835,,FALSE
B3,iridophores_thickness_nm,-0.371383904,0.088802828,22,Green,0.371383904,0.527842835,,FALSE
S9,iridophores_thickness_nm,0.071616351,0.751463978,22,Green,0.071616351,0.873795323,,FALSE
S1V,iridophores_thickness_nm,0.106675001,0.636572943,22,Green,0.106675001,0.803165541,,FALSE
S1G,iridophores_thickness_nm,-0.151584002,0.500694238,22,Green,0.151584002,0.782822702,,FALSE
S1R,iridophores_thickness_nm,0.042913412,0.849607452,22,Green,0.042913412,0.919712965,,FALSE
B3,melanophores_area_nm2,0.053317813,0.813702675,22,Green,0.053317813,0.904114083,,FALSE
S9,melanophores_area_nm2,0.223406999,0.317595509,22,Green,0.223406999,0.691622617,,FALSE
S1V,melanophores_area_nm2,-0.204759407,0.360672872,22,Green,0.204759407,0.721345743,,FALSE
S1G,melanophores_area_nm2,0.207398585,0.354379634,22,Green,0.207398585,0.721345743,,FALSE
S1R,melanophores_area_nm2,0.135401646,0.547975891,22,Green,0.135401646,0.782822702,,FALSE
S1V,melanophores_thickness_nm,0.017273327,0.93918426,22,Green,0.017273327,0.93918426,,FALSE
S1G,melanophores_thickness_nm,0.038614821,0.864530187,22,Green,0.038614821,0.919712965,,FALSE
S1R,melanophores_thickness_nm,0.320581988,0.145777878,22,Green,0.320581988,0.527842835,,FALSE
B3,xanthophores_area_nm2,0.123447401,0.584157603,22,Green,0.123447401,0.789402167,,FALSE
S9,xanthophores_area_nm2,0.083764305,0.710929478,22,Green,0.083764305,0.866987168,,FALSE
S1V,xanthophores_area_nm2,-0.129803643,0.564791604,22,Green,0.129803643,0.784432783,,FALSE
S1G,xanthophores_area_nm2,0.168915703,0.452374316,22,Green,0.168915703,0.782822702,,FALSE
S1R,xanthophores_area_nm2,-0.03278607,0.884835443,22,Green,0.03278607,0.921703586,,FALSE
B3,xanthophore_thickness_nm,-0.326975768,0.137461449,22,Green,0.326975768,0.527842835,,FALSE
S9,xanthophore_thickness_nm,0.343729588,0.117280878,22,Green,0.343729588,0.527842835,,FALSE
S1V,xanthophore_thickness_nm,-0.141308722,0.530483552,22,Green,0.141308722,0.782822702,,FALSE
S1G,xanthophore_thickness_nm,0.142364897,0.527383782,22,Green,0.142364897,0.782822702,,FALSE
S1R,xanthophore_thickness_nm,0.314282534,0.154312993,22,Green,0.314282534,0.527842835,,FALSE
B3,rel_xanth,0.312469455,0.1568331,22,Green,0.312469455,0.527842835,,FALSE
S9,rel_xanth,-0.223159295,0.318146404,22,Green,0.223159295,0.691622617,,FALSE
S1V,rel_xanth,-0.16673943,0.458304517,22,Green,0.16673943,0.782822702,,FALSE
S1G,rel_xanth,0.251478191,0.258920134,22,Green,0.251478191,0.616476509,,FALSE
S1R,rel_xanth,-0.305909852,0.166190808,22,Green,0.305909852,0.527842835,,FALSE
B3,rel_melan,0.104803761,0.642532433,22,Green,0.104803761,0.803165541,,FALSE
S9,rel_melan,0.136126382,0.545815697,22,Green,0.136126382,0.782822702,,FALSE
S1V,rel_melan,-0.272684013,0.21953112,22,Green,0.272684013,0.609808666,,FALSE
S1G,rel_melan,0.253496066,0.254989608,22,Green,0.253496066,0.616476509,,FALSE
S1R,rel_melan,0.077745425,0.730926279,22,Green,0.077745425,0.870150332,,FALSE
B3,rel_irid,-0.190995603,0.394527862,22,Green,0.190995603,0.758707427,,FALSE
S9,rel_irid,-0.060247142,0.789984454,22,Green,0.060247142,0.897709607,,FALSE
S1V,rel_irid,0.303962123,0.169042378,22,Green,0.303962123,0.527842835,,FALSE
S1G,rel_irid,-0.311380743,0.15836012,22,Green,0.311380743,0.527842835,,FALSE
S1R,rel_irid,0.018880644,0.933536816,22,Green,0.018880644,0.93918426,,FALSE